home_type,state,borough,zip,lot_size,house_area,bedrooms,bathrooms,price
SINGLE_FAMILY,NY,Rochester,14623,,1235.0,3,1.0,1850
SINGLE_FAMILY,NY,Rochester,14618,,1665.0,3,1.0,2990
TOWNHOUSE,NY,Rochester,14611,,1000.0,3,1.0,1150
SINGLE_FAMILY,NY,Rochester,14620,,1860.0,4,2.0,2400
SINGLE_FAMILY,NY,Rochester,14620,,1950.0,5,2.0,2400
SINGLE_FAMILY,NY,Rochester,14620,,1800.0,5,2.0,2500
SINGLE_FAMILY,NY,Rochester,14607,,3600.0,2,2.0,4000
SINGLE_FAMILY,NY,Rochester,14626,,1200.0,3,1.0,2100
SINGLE_FAMILY,NY,Rochester,14623,,1220.0,3,2.0,2200
SINGLE_FAMILY,NY,Rochester,14620,,1900.0,4,2.0,2600
SINGLE_FAMILY,NY,Rochester,14620,,1798.0,5,4.0,2850
SINGLE_FAMILY,NY,Rochester,14609,,1600.0,3,1.0,2300
SINGLE_FAMILY,NY,Rochester,14611,,1408.0,4,1.5,1450
SINGLE_FAMILY,NY,Gates,14606,,,3,1.5,2100
SINGLE_FAMILY,NY,Rochester,14619,,1074.0,3,1.0,1875
SINGLE_FAMILY,NY,Rochester,14608,,1500.0,4,2.0,2700
SINGLE_FAMILY,NY,Rochester,14620,,1150.0,3,2.0,1950
TOWNHOUSE,NY,Rochester,14616,,1880.0,3,2.0,2250
TOWNHOUSE,NY,Rochester,14620,,1300.0,2,2.5,1898
SINGLE_FAMILY,NY,Rochester,14612,,1770.0,3,1.5,1850
SINGLE_FAMILY,NY,Rochester,14620,,1131.0,3,2.0,2550
SINGLE_FAMILY,NY,Rochester,14607,,1185.0,2,2.0,2095
SINGLE_FAMILY,NY,Rochester,14620,,1152.0,3,2.0,1950
TOWNHOUSE,NY,Rochester,14608,,1185.0,2,1.5,2650
SINGLE_FAMILY,NY,Rochester,14620,,1320.0,4,2.0,2550
SINGLE_FAMILY,NY,Rochester,14618,,968.0,2,1.5,1650
SINGLE_FAMILY,NY,Rochester,14620,,1380.0,4,2.0,2450
SINGLE_FAMILY,NY,Rochester,14611,,1625.0,4,2.0,1995
TOWNHOUSE,NY,Rochester,14607,,,1,1.0,950
TOWNHOUSE,NY,Rochester,14620,,,3,1.0,1600
SINGLE_FAMILY,NY,Rochester,14607,,1300.0,1,1.0,1400
SINGLE_FAMILY,NY,Rochester,14606,,1040.0,3,1.0,2000
MANUFACTURED,NY,Rochester,14611,,,0,0.0,175
SINGLE_FAMILY,NY,Rochester,14623,,1028.0,3,1.0,2100
SINGLE_FAMILY,NY,Rochester,14607,,2100.0,4,2.5,2400
SINGLE_FAMILY,NY,Rochester,14620,,1108.0,3,1.0,1900
TOWNHOUSE,NY,Rochester,14610,,800.0,1,1.0,900
TOWNHOUSE,NY,Rochester,14610,,1500.0,3,1.5,1900
SINGLE_FAMILY,NY,Rochester,14609,,768.0,2,1.0,1200
SINGLE_FAMILY,NY,Rochester,14619,,1176.0,3,1.0,1800
SINGLE_FAMILY,NY,Rochester,14620,,1555.0,4,1.5,2400
SINGLE_FAMILY,NY,Rochester,14611,,1930.0,5,1.5,2750
SINGLE_FAMILY,NY,Rochester,14611,,1800.0,4,1.5,2200
SINGLE_FAMILY,NY,Rochester,14609,,1372.0,3,1.0,2150
TOWNHOUSE,NY,Rochester,14620,,1100.0,2,1.0,1450
SINGLE_FAMILY,NY,Rochester,14619,,1650.0,4,1.0,2100
SINGLE_FAMILY,NY,Rochester,14623,,1114.0,3,1.0,2100
TOWNHOUSE,NY,Rochester,14618,,1239.0,3,2.5,2395
SINGLE_FAMILY,NY,Rochester,14609,,1340.0,3,1.0,20000
SINGLE_FAMILY,NY,Rochester,14620,,,3,1.0,1400
SINGLE_FAMILY,NY,Rochester,14613,,,3,1.0,1300
SINGLE_FAMILY,NY,Rochester,14613,,,3,1.0,1300
SINGLE_FAMILY,NY,Rochester,14606,,1501.0,4,1.0,1850
SINGLE_FAMILY,NY,Rochester,14619,,1268.0,3,1.0,1800
TOWNHOUSE,NY,Rochester,14610,,2050.0,3,2.0,2625
SINGLE_FAMILY,NY,Rochester,14608,,1316.0,3,1.0,1650
SINGLE_FAMILY,NY,Rochester,14621,,1356.0,4,2.0,1600
SINGLE_FAMILY,NY,Rochester,14606,,1000.0,3,1.5,1575
SINGLE_FAMILY,NY,Rochester,14624,,1008.0,3,1.0,2100
SINGLE_FAMILY,NY,Rochester,14623,,7916.0,0,1.0,9500
SINGLE_FAMILY,NY,Rochester,14610,,,4,2.0,2700
SINGLE_FAMILY,NY,Rochester,14609,,1678.0,4,1.5,1700
SINGLE_FAMILY,NY,Rochester,14619,,,3,1.0,1500
SINGLE_FAMILY,NY,Rochester,14611,,1056.0,3,1.0,2100
SINGLE_FAMILY,NY,Rochester,14609,,1836.0,5,1.5,2000
SINGLE_FAMILY,NY,Rochester,14624,,1320.0,4,2.0,2100
TOWNHOUSE,NY,Rochester,14607,,1600.0,3,1.5,2200
SINGLE_FAMILY,NY,Rochester,14609,,1903.0,5,2.0,3000
SINGLE_FAMILY,NY,Rochester,14609,,1790.0,5,2.0,3000
SINGLE_FAMILY,NY,Rochester,14611,,1162.0,4,2.0,2500
SINGLE_FAMILY,NY,Rochester,14610,,2100.0,4,2.5,2595
TOWNHOUSE,NY,Rochester,14610,,1500.0,3,1.0,1800
SINGLE_FAMILY,NY,Rochester,14620,,1608.0,4,2.0,2600
TOWNHOUSE,NY,Rochester,14615,,,3,1.0,1050
SINGLE_FAMILY,NY,Rochester,14606,,720.0,3,1.0,1395
SINGLE_FAMILY,NY,Rochester,14610,,1900.0,3,1.5,2600
SINGLE_FAMILY,NY,Rochester,14611,,1800.0,4,3.0,2400
TOWNHOUSE,NY,Rochester,14610,,1500.0,3,1.0,1800
SINGLE_FAMILY,NY,Rochester,14621,,100.0,5,1.5,1050
SINGLE_FAMILY,NY,Rochester,14620,,1200.0,3,1.0,2200
SINGLE_FAMILY,NY,Rochester,14620,,1152.0,3,1.0,2195
SINGLE_FAMILY,NY,Rochester,14606,,830.0,3,1.0,1550
SINGLE_FAMILY,NY,Rochester,14620,,896.0,2,1.5,1600
SINGLE_FAMILY,NY,Rochester,14620,,1500.0,3,1.5,2000
SINGLE_FAMILY,NY,Rochester,14625,,1432.0,3,1.5,2200
SINGLE_FAMILY,NY,Rochester,14615,,1100.0,2,1.0,1000
TOWNHOUSE,NY,Rochester,14619,,1000.0,2,1.0,1000
SINGLE_FAMILY,NY,Rochester,14611,,,2,1.0,1225
SINGLE_FAMILY,NY,Rochester,14620,,2100.0,4,2.0,2750
SINGLE_FAMILY,NY,Rochester,14606,,1434.0,3,1.0,1550
SINGLE_FAMILY,NY,Rochester,14611,,1508.0,4,1.0,1950
SINGLE_FAMILY,NY,Rochester,14620,,1368.0,3,2.0,2100
SINGLE_FAMILY,NY,Rochester,14620,,1489.0,5,4.0,4200
SINGLE_FAMILY,NY,Rochester,14608,,1100.0,3,1.0,1800
SINGLE_FAMILY,NY,Rochester,14620,,1315.0,4,2.0,2500
SINGLE_FAMILY,NY,Rochester,14608,,1554.0,4,2.0,2100
SINGLE_FAMILY,NY,Rochester,14619,,,3,1.0,1250
SINGLE_FAMILY,NY,Rochester,14621,,,4,1.0,1500
SINGLE_FAMILY,NY,Rochester,14619,,1542.0,3,1.5,2300
SINGLE_FAMILY,NY,Rochester,14615,,1188.0,3,1.0,1900
SINGLE_FAMILY,NY,Rochester,14617,,1537.0,2,2.0,1750
SINGLE_FAMILY,NY,Rochester,14620,,4229.0,3,2.5,3500
TOWNHOUSE,NY,Rochester,14619,,1000.0,2,1.0,850
SINGLE_FAMILY,NY,Rochester,14616,,1760.0,4,2.0,3500
TOWNHOUSE,NY,Rochester,14611,,,2,1.0,1000
TOWNHOUSE,NY,Rochester,14613,,1100.0,3,1.0,1295
TOWNHOUSE,NY,Rochester,14621,,800.0,1,1.0,745
SINGLE_FAMILY,CT,Stamford,6902,,3266.0,3,3.0,12000
TOWNHOUSE,CT,Stamford,6902,,,3,1.0,3200
SINGLE_FAMILY,CT,Greenwich,6831,,4414.0,4,4.5,15000
SINGLE_FAMILY,CT,Stamford,6902,,3599.0,4,3.5,13000
TOWNHOUSE,CT,Stamford,6906,,1750.0,3,2.5,4200
SINGLE_FAMILY,CT,Stamford,6905,,3200.0,4,3.5,9000
SINGLE_FAMILY,CT,Stamford,6902,,3413.0,5,3.5,7900
SINGLE_FAMILY,CT,Stamford,6905,,1126.0,3,1.5,3495
SINGLE_FAMILY,CT,Stamford,6905,,1500.0,3,2.0,3500
SINGLE_FAMILY,CT,Stamford,6902,,6188.0,5,5.5,13500
SINGLE_FAMILY,CT,Stamford,6902,,1300.0,3,1.5,7500
SINGLE_FAMILY,CT,Stamford,6903,,5557.0,5,4.5,25000
SINGLE_FAMILY,CT,Stamford,6905,,1700.0,4,3.0,4200
SINGLE_FAMILY,CT,Stamford,6907,,1500.0,4,2.0,3600
SINGLE_FAMILY,CT,Stamford,6902,,2272.0,3,2.5,9950
SINGLE_FAMILY,CT,Stamford,6902,,1954.0,3,3.0,4295
SINGLE_FAMILY,CT,Stamford,6902,,445.0,1,1.0,1895
TOWNHOUSE,CT,Stamford,6907,,1550.0,2,1.0,2100
TOWNHOUSE,CT,Stamford,6907,,1625.0,2,1.5,3550
SINGLE_FAMILY,CT,Stamford,6902,,1800.0,2,2.5,3900
SINGLE_FAMILY,CT,Stamford,6905,,2889.0,3,2.5,7400
SINGLE_FAMILY,CT,Stamford,6905,,3291.0,4,3.0,6200
TOWNHOUSE,CT,Stamford,6902,,1470.0,2,2.5,3199
SINGLE_FAMILY,CT,Stamford,6905,,796.0,1,1.0,1850
SINGLE_FAMILY,CT,Stamford,6902,,3360.0,3,2.0,4800
SINGLE_FAMILY,CT,Stamford,6903,1.45,3000.0,4,3.5,6000
SINGLE_FAMILY,CT,Stamford,6903,2.87,10206.0,7,8.5,15900
SINGLE_FAMILY,CT,Stamford,6902,,1268.0,2,1.0,3150
SINGLE_FAMILY,NY,Albany,12203,,2059.0,4,2.0,2600
TOWNHOUSE,NY,Albany,12209,,,4,1.0,1500
SINGLE_FAMILY,NY,Albany,12203,,1960.0,3,3.0,4800
SINGLE_FAMILY,NY,Albany,12208,,2000.0,5,1.5,2120
TOWNHOUSE,NY,Albany,12208,,,3,1.0,1500
TOWNHOUSE,NY,Albany,12206,,1000.0,3,1.0,1500
SINGLE_FAMILY,NY,Albany,12203,,1749.0,3,1.5,3000
SINGLE_FAMILY,NY,Albany,12203,,1577.0,5,2.0,3000
TOWNHOUSE,NY,Albany,12202,,1000.0,1,1.0,1075
SINGLE_FAMILY,NY,Albany,12203,,2200.0,5,2.5,2000
SINGLE_FAMILY,NY,Loudonville,12211,,2200.0,3,3.0,2850
SINGLE_FAMILY,NY,Albany,12203,,1500.0,4,2.0,2500
SINGLE_FAMILY,NY,Albany,12203,,1686.0,4,2.0,2600
TOWNHOUSE,NY,Albany,12208,,,4,1.0,1800
TOWNHOUSE,NY,Albany,12202,,1044.0,3,1.0,1650
SINGLE_FAMILY,NY,Albany,12203,,1500.0,4,1.0,2200
SINGLE_FAMILY,NY,Albany,12203,,3229.0,5,2.0,2750
TOWNHOUSE,NY,Albany,12208,,,4,2.0,2520
SINGLE_FAMILY,NY,Albany,12210,,1000.0,3,2.0,1750
SINGLE_FAMILY,NY,Albany,12208,,1516.0,3,1.5,2000
SINGLE_FAMILY,NY,Albany,12208,,2200.0,8,2.0,4560
SINGLE_FAMILY,NY,Albany,12211,,1083.0,3,1.0,2400
SINGLE_FAMILY,NY,Albany,12203,,2496.0,4,1.0,2200
SINGLE_FAMILY,NY,Albany,12203,,2912.0,3,1.0,1950
SINGLE_FAMILY,NY,Albany,12206,,1984.0,3,3.0,2400
SINGLE_FAMILY,NY,Albany,12210,,1168.0,3,1.5,2100
SINGLE_FAMILY,NY,Albany,12203,,1600.0,3,1.0,1650
SINGLE_FAMILY,NY,Albany,12203,,1145.0,1,1.0,1500
SINGLE_FAMILY,NY,Albany,12203,,1384.0,4,1.0,1900
SINGLE_FAMILY,NY,Bronx,10465,,,3,2.0,3998
TOWNHOUSE,NY,Bronx,10462,,800.0,3,1.0,3350
SINGLE_FAMILY,NY,Bronx,10460,,1400.0,3,1.5,3500
TOWNHOUSE,NY,Bronx,10473,,1020.0,3,2.0,3000
SINGLE_FAMILY,NY,Bronx,10458,,,4,1.5,4400
SINGLE_FAMILY,NY,Bronx,10471,,2500.0,5,3.0,6850
SINGLE_FAMILY,NY,Bronx,10463,,,6,3.0,5600
TOWNHOUSE,NY,Bronx,10469,,1040.0,3,1.0,2900
SINGLE_FAMILY,NY,Bronx,10463,,,5,3.0,4900
TOWNHOUSE,NY,Bronx,10472,,,3,1.0,3500
TOWNHOUSE,NY,Bronx,10465,,,4,1.0,3500
SINGLE_FAMILY,NY,Bronx,10469,,2888.0,2,1.0,3000
SINGLE_FAMILY,NY,Bronx,10466,,3549.0,4,1.5,3000
TOWNHOUSE,NY,Bronx,10466,,1400.0,3,2.0,2600
SINGLE_FAMILY,NY,Bronx,10461,,10.0,4,1.0,3446
SINGLE_FAMILY,NY,Bronx,10469,,1100.0,1,1.0,1700
SINGLE_FAMILY,NY,Bronx,10461,,,3,1.0,2400
SINGLE_FAMILY,NY,Bronx,10462,,1368.0,1,1.0,1800
TOWNHOUSE,NY,Bronx,10466,,,3,1.0,3214
TOWNHOUSE,NY,Bronx,10465,,900.0,3,1.0,2600
TOWNHOUSE,NY,Bronx,10455,,,1,1.0,2000
TOWNHOUSE,NY,Bronx,10465,,1200.0,3,2.0,3200
TOWNHOUSE,NY,Bronx,10466,,900.0,3,1.0,3100
SINGLE_FAMILY,NY,Bronx,10469,,,2,1.5,2500
SINGLE_FAMILY,NY,Bronx,10465,,1140.0,2,1.0,2280
TOWNHOUSE,NY,Bronx,10469,,,3,3.0,3300
SINGLE_FAMILY,NY,Bronx,10474,,1491.0,3,1.0,3385
SINGLE_FAMILY,NY,Bronx,10459,,1600.0,3,2.0,3500
SINGLE_FAMILY,NY,Bronx,10466,,700.0,1,1.0,1500
TOWNHOUSE,NY,Bronx,10460,,,3,1.5,3100
TOWNHOUSE,NY,Bronx,10465,,,1,1.0,1749
TOWNHOUSE,NY,Bronx,10466,,,2,1.0,2299
TOWNHOUSE,NY,Bronx,10468,,,3,1.0,3200
TOWNHOUSE,NY,Bronx,10467,,,3,1.0,3188
TOWNHOUSE,NY,Bronx,10458,,,4,1.0,3300
TOWNHOUSE,NY,Bronx,10466,,,3,3.0,2666
TOWNHOUSE,NY,Mount Vernon,10550,,,3,1.0,3465
TOWNHOUSE,NY,Bronx,10458,,1500.0,3,1.0,3800
SINGLE_FAMILY,NY,Bronx,10472,,700.0,1,1.0,1550
SINGLE_FAMILY,NY,Bronx,10469,,1782.0,5,1.5,4500
SINGLE_FAMILY,NY,Bronx,10465,,,1,1.0,1600
SINGLE_FAMILY,NY,Bronx,10465,,1734.0,3,1.5,3200
SINGLE_FAMILY,NY,Bronx,10461,,1757.0,3,2.0,2500
TOWNHOUSE,NY,Bronx,10466,,1000.0,3,1.0,2500
SINGLE_FAMILY,NY,Bronx,10472,,,2,1.0,2515
SINGLE_FAMILY,NY,Bronx,10466,,10.0,5,1.5,4194
SINGLE_FAMILY,NY,Bronx,10469,,,2,1.0,2200
TOWNHOUSE,NY,Bronx,10469,,,3,2.0,2700
TOWNHOUSE,NY,Bronx,10462,,,3,1.0,3000
SINGLE_FAMILY,NY,Bronx,10469,,,2,1.0,2400
TOWNHOUSE,NY,Bronx,10456,,1000.0,3,1.0,3100
SINGLE_FAMILY,NY,Bronx,10475,,1500.0,3,1.5,3200
SINGLE_FAMILY,NY,Bronx,10467,,3690.0,3,2.0,2700
SINGLE_FAMILY,NY,Bronx,10467,,1444.0,2,1.0,2400
SINGLE_FAMILY,NY,Bronx,10469,,,3,1.5,2700
SINGLE_FAMILY,NY,Bronx,10465,,600.0,1,1.0,1575
SINGLE_FAMILY,NY,Bronx,10461,,,2,1.0,2100
SINGLE_FAMILY,NY,Bronx,10466,,1900.0,4,2.0,4600
TOWNHOUSE,NY,Bronx,10462,,1000.0,3,2.0,2900
SINGLE_FAMILY,NY,Bronx,10466,,,3,1.0,2900
SINGLE_FAMILY,NY,Bronx,10465,,,2,1.5,2600
SINGLE_FAMILY,NY,Bronx,10465,,,2,1.0,2280
TOWNHOUSE,NY,Bronx,10457,,,4,1.0,3350
SINGLE_FAMILY,NY,Bronx,10469,,,2,1.0,2200
TOWNHOUSE,NY,Bronx,10467,,,3,1.0,2300
SINGLE_FAMILY,NY,Bronx,10467,,1200.0,4,2.0,3500
TOWNHOUSE,NY,Bronx,10455,,,2,1.0,2555
SINGLE_FAMILY,NY,Bronx,10461,,400.0,0,1.0,1450
SINGLE_FAMILY,NY,Bronx,10459,,1491.0,4,1.0,3700
TOWNHOUSE,NY,Bronx,10455,,,1,1.0,1650
TOWNHOUSE,NY,Bronx,10466,,,3,1.0,3082
SINGLE_FAMILY,NY,Bronx,10469,,2300.0,3,2.0,3500
TOWNHOUSE,NY,Bronx,10472,,,2,2.0,2195
TOWNHOUSE,NY,Bronx,10474,,,4,3.0,3295
TOWNHOUSE,NY,Bronx,10458,,,5,2.0,3800
TOWNHOUSE,NY,Bronx,10461,,,4,2.0,2395
TOWNHOUSE,NY,Bronx,10456,,,3,2.0,2195
TOWNHOUSE,NY,Bronx,10460,,600.0,1,1.0,2218
TOWNHOUSE,NY,Bronx,10472,,,2,1.0,2555
TOWNHOUSE,NY,Bronx,10462,,,3,1.0,3188
TOWNHOUSE,NY,Bronx,10457,,,3,1.0,2659
SINGLE_FAMILY,NY,Bronx,10462,,1700.0,3,1.0,3500
TOWNHOUSE,NY,Bronx,10465,,1300.0,3,1.5,2275
SINGLE_FAMILY,NY,Bronx,10459,,,3,1.0,3350
SINGLE_FAMILY,NY,Bronx,10456,,1152.0,3,2.5,3200
TOWNHOUSE,NY,Bronx,10472,,750.0,2,1.0,1900
SINGLE_FAMILY,NY,Bronx,10467,,,4,1.0,3500
TOWNHOUSE,NY,Bronx,10460,,,1,1.0,2188
TOWNHOUSE,NY,Bronx,10474,,,3,1.0,3082
SINGLE_FAMILY,NY,Bronx,10466,,1400.0,3,1.0,2900
SINGLE_FAMILY,NY,Bronx,10458,,,0,1.0,1500
SINGLE_FAMILY,NY,Bronx,10469,,,3,2.0,3500
TOWNHOUSE,NY,Bronx,10458,,,3,1.0,3200
TOWNHOUSE,NY,Bronx,10457,,,3,1.0,3200
SINGLE_FAMILY,NY,Bronx,10456,,,7,4.0,4400
SINGLE_FAMILY,NY,Bronx,10460,,,3,1.0,3200
SINGLE_FAMILY,NY,Bronx,10456,,900.0,3,1.5,3150
SINGLE_FAMILY,NY,Bronx,10459,,,1,1.0,1500
TOWNHOUSE,NY,Bronx,10472,,,3,1.0,3200
TOWNHOUSE,NY,Bronx,10458,,,4,1.0,3298
TOWNHOUSE,NY,Bronx,10456,,,3,1.0,3284
TOWNHOUSE,NY,Bronx,10452,,,3,1.0,3082
TOWNHOUSE,NY,Bronx,10466,,,6,1.0,3900
TOWNHOUSE,NY,Bronx,10473,,,2,1.0,2600
TOWNHOUSE,NY,Bronx,10466,,,3,1.0,3188
TOWNHOUSE,NY,Bronx,10466,,,3,1.0,3019
TOWNHOUSE,NY,Bronx,10472,,,3,1.0,3188
TOWNHOUSE,NY,Bronx,10462,,,0,1.0,2108
TOWNHOUSE,NY,Bronx,10462,,,0,1.0,2100
TOWNHOUSE,NY,Bronx,10469,,,3,1.0,3100
TOWNHOUSE,NY,Bronx,10456,,,4,2.0,3200
TOWNHOUSE,NY,Bronx,10473,,,5,1.0,3940
SINGLE_FAMILY,NY,Bronx,10470,,700.0,2,1.0,2150
TOWNHOUSE,NY,Bronx,10460,,800.0,3,1.0,3188
SINGLE_FAMILY,NY,Bronx,10465,,1980.0,3,1.5,3700
SINGLE_FAMILY,NY,Bronx,10465,,1250.0,3,1.5,3600
TOWNHOUSE,NY,Bronx,10459,,,2,1.0,1691
SINGLE_FAMILY,NY,Pelham,10803,,3808.0,4,3.5,12750
TOWNHOUSE,NY,Bronx,10460,,,1,1.0,2040
TOWNHOUSE,NY,Bronx,10474,,,2,1.0,2300
TOWNHOUSE,NY,Bronx,10459,,,1,1.0,2016
TOWNHOUSE,NY,Bronx,10452,,,3,2.0,2980
SINGLE_FAMILY,CT,New Haven,6511,,1229.0,3,1.0,2100
SINGLE_FAMILY,CT,New Haven,6513,,,5,2.0,3200
TOWNHOUSE,CT,New Haven,6511,,2595.0,4,4.0,7000
SINGLE_FAMILY,CT,New Haven,6513,,2169.0,3,2.0,2000
SINGLE_FAMILY,CT,New Haven,6511,,1080.0,2,2.0,2275
SINGLE_FAMILY,CT,New Haven,6511,,1600.0,5,2.5,5400
TOWNHOUSE,CT,New Haven,6519,,1564.0,3,2.0,3500
TOWNHOUSE,CT,New Haven,6511,,1320.0,4,2.0,2300
SINGLE_FAMILY,CT,New Haven,6511,,,4,3.0,4000
SINGLE_FAMILY,CT,New Haven,6511,,2600.0,4,2.5,7000
TOWNHOUSE,CT,New Haven,6511,,,2,1.0,1250
TOWNHOUSE,CT,New Haven,6510,,,5,2.5,4995
TOWNHOUSE,CT,New Haven,6511,,550.0,1,1.0,1795
TOWNHOUSE,CT,New Haven,6510,,1300.0,2,2.5,3200
SINGLE_FAMILY,CT,New Haven,6511,,1645.0,5,2.5,4500
SINGLE_FAMILY,CT,New Haven,6511,,,8,5.0,10000
TOWNHOUSE,CT,New Haven,6510,,2800.0,4,2.5,4500
SINGLE_FAMILY,CT,New Haven,6511,,1900.0,5,2.0,4995
SINGLE_FAMILY,CT,New Haven,6511,,1200.0,4,2.0,3400
SINGLE_FAMILY,CT,New Haven,6515,,2059.0,5,2.0,3500
SINGLE_FAMILY,CT,New Haven,6511,,1360.0,2,1.0,1300
SINGLE_FAMILY,CT,New Haven,6512,,1800.0,3,1.5,2650
SINGLE_FAMILY,CT,New Haven,6511,,2685.0,3,2.5,4200
SINGLE_FAMILY,CT,New Haven,6511,,2500.0,5,2.5,3300
TOWNHOUSE,CT,New Haven,6511,,1750.0,3,2.0,3000
TOWNHOUSE,CT,New Haven,6511,,,4,2.5,2295
SINGLE_FAMILY,CT,New Haven,6519,,1200.0,3,1.5,2000
TOWNHOUSE,CT,New Haven,6519,,800.0,2,1.0,1050
TOWNHOUSE,CT,New Haven,6512,,1600.0,2,1.5,2100
SINGLE_FAMILY,CT,New Haven,6513,,950.0,2,1.0,2500
SINGLE_FAMILY,CT,New Haven,6519,,2418.0,5,2.5,2600
SINGLE_FAMILY,CT,New Haven,6511,,485.0,1,1.0,2100
SINGLE_FAMILY,CT,New Haven,6511,,3384.0,8,3.0,7500
TOWNHOUSE,CT,New Haven,6511,,,1,1.0,1300
TOWNHOUSE,NJ,Paterson,7501,,,0,1.0,1600
SINGLE_FAMILY,NJ,Paterson,7501,,,3,2.0,2200
SINGLE_FAMILY,NJ,Paterson,7522,,,2,1.0,1750
TOWNHOUSE,NJ,Paterson,7501,,,1,1.0,1500
TOWNHOUSE,NJ,Paterson,7501,,,2,1.0,2800
TOWNHOUSE,NJ,Paterson,7505,,900.0,2,1.0,2400
TOWNHOUSE,NJ,Paterson,7505,,,1,1.0,1750
TOWNHOUSE,NJ,Paterson,7501,,,1,1.0,1850
TOWNHOUSE,NJ,Paterson,7501,,850.0,1,1.0,1800
SINGLE_FAMILY,NJ,Paterson,7514,,,2,1.0,1800
TOWNHOUSE,NJ,Paterson,7501,,,1,1.0,1800
TOWNHOUSE,NJ,Paterson,7501,,1116.0,3,1.0,1950
TOWNHOUSE,NJ,Paterson,7501,,,1,1.0,1900
SINGLE_FAMILY,NJ,Paterson,7501,,,1,1.0,1950
SINGLE_FAMILY,NJ,Paterson,7501,,,1,1.0,1950
SINGLE_FAMILY,NJ,Paterson,7501,,,1,1.0,1950
SINGLE_FAMILY,NJ,Paterson,7501,,,1,1.0,1950
TOWNHOUSE,NJ,Paterson,7501,,,2,1.0,2200
TOWNHOUSE,NJ,Paterson,7501,,,2,1.0,2500
SINGLE_FAMILY,CT,Norwalk,6850,,2766.0,5,3.0,6500
SINGLE_FAMILY,CT,Norwalk,6854,,1352.0,3,1.0,2795
SINGLE_FAMILY,CT,Norwalk,6853,,3200.0,4,3.5,21500
SINGLE_FAMILY,CT,Norwalk,6853,,3052.0,5,4.0,12000
TOWNHOUSE,CT,Norwalk,6850,,1250.0,3,1.5,3300
SINGLE_FAMILY,CT,Norwalk,6853,,2288.0,4,2.5,7500
SINGLE_FAMILY,CT,Norwalk,6853,,1800.0,3,2.0,7500
SINGLE_FAMILY,CT,Norwalk,6851,,1289.0,4,3.0,3900
SINGLE_FAMILY,CT,Norwalk,6853,,3847.0,4,3.5,15000
TOWNHOUSE,CT,Norwalk,6854,,1500.0,3,2.5,3600
SINGLE_FAMILY,CT,Norwalk,6850,,784.0,1,1.0,2200
SINGLE_FAMILY,CT,Norwalk,6850,1.12,1582.0,3,2.0,14000
TOWNHOUSE,CT,Norwalk,6854,,1100.0,2,1.5,3200
SINGLE_FAMILY,CT,Norwalk,6854,,2226.0,5,2.5,6995
SINGLE_FAMILY,CT,Norwalk,6853,,2273.0,4,1.5,25000
SINGLE_FAMILY,CT,Norwalk,6853,,2412.0,4,3.0,14000
TOWNHOUSE,CT,Norwalk,6851,,1710.0,2,2.5,3600
TOWNHOUSE,CT,Norwalk,6855,,1125.0,2,1.5,3250
SINGLE_FAMILY,CT,Norwalk,6850,,3332.0,4,3.0,9500
SINGLE_FAMILY,CT,Norwalk,6853,,3108.0,4,3.0,16000
SINGLE_FAMILY,CT,Norwalk,6850,,874.0,1,1.0,3850
SINGLE_FAMILY,CT,New Canaan,6840,,6500.0,5,3.5,48000
SINGLE_FAMILY,CT,Norwalk,6851,,2500.0,3,2.0,5000
SINGLE_FAMILY,CT,Norwalk,6850,,3804.0,5,3.0,5500
TOWNHOUSE,NY,Staten Island,10314,,1000.0,3,1.0,2350
TOWNHOUSE,NY,Staten Island,10305,,,3,1.0,3750
SINGLE_FAMILY,NY,Staten Island,10314,,4000.0,3,1.5,3200
SINGLE_FAMILY,NY,Staten Island,10301,,480.0,1,1.0,1600
SINGLE_FAMILY,NY,Staten Island,10302,,1980.0,4,1.5,2800
SINGLE_FAMILY,NY,Staten Island,10314,,,2,1.0,1850
SINGLE_FAMILY,NY,Staten Island,10305,,1800.0,3,3.0,4000
SINGLE_FAMILY,NY,Staten Island,10314,,2000.0,3,3.0,3200
SINGLE_FAMILY,NY,Staten Island,10314,,1650.0,3,3.0,3000
SINGLE_FAMILY,NY,Staten Island,10314,,2225.0,3,2.5,3000
SINGLE_FAMILY,NY,Staten Island,10301,,1212.0,3,2.0,3500
SINGLE_FAMILY,NY,Staten Island,10304,,1248.0,2,2.0,2350
TOWNHOUSE,NY,Staten Island,10314,,1600.0,2,1.5,2300
SINGLE_FAMILY,NY,Staten Island,10312,,1088.0,2,1.0,2600
SINGLE_FAMILY,NY,Staten Island,10310,,1250.0,3,1.0,2800
SINGLE_FAMILY,NY,Staten Island,10308,,,3,2.0,2850
SINGLE_FAMILY,NY,Staten Island,10306,,550.0,2,1.0,1850
SINGLE_FAMILY,NY,Staten Island,10306,,1000.0,2,1.0,2300
TOWNHOUSE,NY,Staten Island,10302,,2148.0,1,1.0,2000
SINGLE_FAMILY,NY,Staten Island,10306,,1500.0,3,1.5,2800
SINGLE_FAMILY,NY,Staten Island,10314,,1400.0,3,4.0,3500
SINGLE_FAMILY,NY,Staten Island,10306,,1442.0,3,1.5,3200
SINGLE_FAMILY,NY,Staten Island,10312,,1370.0,3,2.0,2650
TOWNHOUSE,NY,Staten Island,10312,,2020.0,3,3.0,2800
SINGLE_FAMILY,NY,Staten Island,10301,,,1,1.0,1400
SINGLE_FAMILY,NY,Staten Island,10303,,1410.0,3,2.0,3600
SINGLE_FAMILY,NY,Staten Island,10314,,,3,1.0,2400
SINGLE_FAMILY,NY,Staten Island,10312,,,2,1.0,1900
SINGLE_FAMILY,NY,Staten Island,10314,,1400.0,3,1.0,2800
SINGLE_FAMILY,NY,Staten Island,10312,,2000.0,3,3.0,3500
TOWNHOUSE,NY,Staten Island,10308,,2290.0,3,3.0,3200
SINGLE_FAMILY,NY,Staten Island,10308,,1400.0,3,1.0,2900
TOWNHOUSE,NY,Staten Island,10314,,1100.0,3,1.0,2400
TOWNHOUSE,NY,Staten Island,10306,,1300.0,3,1.0,2300
SINGLE_FAMILY,NY,Staten Island,10314,,1080.0,2,2.0,2350
SINGLE_FAMILY,NY,Staten Island,10304,,1408.0,3,3.0,3500
SINGLE_FAMILY,NY,Staten Island,10306,,1712.0,3,4.0,3300
SINGLE_FAMILY,NY,Staten Island,10314,,,3,1.0,2500
SINGLE_FAMILY,NY,Staten Island,10310,,1360.0,3,2.0,2850
SINGLE_FAMILY,NY,Staten Island,10309,,1832.0,3,3.0,3300
TOWNHOUSE,NY,Staten Island,10306,,1080.0,2,1.0,2300
SINGLE_FAMILY,NY,Staten Island,10305,,1800.0,3,3.0,4000
SINGLE_FAMILY,NY,Staten Island,10306,,1344.0,2,1.0,2450
TOWNHOUSE,NY,Staten Island,10310,,951.0,2,1.0,2190
SINGLE_FAMILY,NY,Staten Island,10312,,1248.0,3,1.5,2500
SINGLE_FAMILY,NY,Staten Island,10312,,1600.0,3,3.0,4000
SINGLE_FAMILY,NY,Staten Island,10308,,2100.0,4,2.0,4000
SINGLE_FAMILY,NY,Staten Island,10312,,,1,1.0,1500
SINGLE_FAMILY,NY,Staten Island,10305,,,1,1.0,1400
SINGLE_FAMILY,NY,Staten Island,10312,,2000.0,3,1.5,3000
SINGLE_FAMILY,NY,Staten Island,10308,,,1,1.0,1700
SINGLE_FAMILY,NY,Staten Island,10309,,,3,2.0,2800
SINGLE_FAMILY,NY,Staten Island,10308,,1000.0,3,1.0,2900
SINGLE_FAMILY,NY,Staten Island,10312,,,1,1.0,1400
SINGLE_FAMILY,NY,Staten Island,10304,,,2,1.5,2250
SINGLE_FAMILY,NY,Staten Island,10308,,1700.0,3,1.5,2700
SINGLE_FAMILY,NY,Staten Island,10306,,1320.0,3,1.0,2600
SINGLE_FAMILY,NY,Staten Island,10306,,,1,1.0,1650
SINGLE_FAMILY,NY,Staten Island,10312,,,1,1.0,1750
TOWNHOUSE,NY,Staten Island,10303,,650.0,1,1.0,1700
SINGLE_FAMILY,NY,Staten Island,10305,,2592.0,4,3.0,4500
TOWNHOUSE,NY,Staten Island,10309,,900.0,2,1.0,2000
SINGLE_FAMILY,NY,Staten Island,10309,,,3,3.0,3300
TOWNHOUSE,NY,Staten Island,10301,,,3,1.0,2523
SINGLE_FAMILY,NY,Staten Island,10312,,,1,1.0,1500
SINGLE_FAMILY,NY,Staten Island,10308,,,3,2.0,2950
SINGLE_FAMILY,NY,Staten Island,10308,,,3,1.0,3000
TOWNHOUSE,NY,Staten Island,10308,,,3,1.0,2400
SINGLE_FAMILY,NY,Staten Island,10304,,1600.0,6,1.0,3623
TOWNHOUSE,NY,Staten Island,10309,,1300.0,3,2.0,2500
SINGLE_FAMILY,NY,Staten Island,10308,,2392.0,3,1.5,2600
SINGLE_FAMILY,NY,Staten Island,10302,,1500.0,5,1.5,3500
TOWNHOUSE,NY,Staten Island,10302,,475.0,0,1.0,2350
TOWNHOUSE,NY,Staten Island,10304,,,3,1.0,2800
SINGLE_FAMILY,NY,Staten Island,10314,,1980.0,3,3.5,3250
SINGLE_FAMILY,NY,Staten Island,10314,,,3,2.0,3000
SINGLE_FAMILY,NY,Yonkers,10704,,1500.0,3,2.0,3329
SINGLE_FAMILY,NY,Yonkers,10704,,2262.0,4,1.0,8500
SINGLE_FAMILY,NY,Yonkers,10701,,1700.0,3,2.0,3000
SINGLE_FAMILY,NY,Bronxville,10708,,1700.0,3,2.0,3099
SINGLE_FAMILY,NY,Yonkers,10705,,1025.0,2,1.0,2400
SINGLE_FAMILY,NY,Yonkers,10705,,1550.0,3,1.0,3500
TOWNHOUSE,NY,Yonkers,10701,,700.0,1,1.0,1938
SINGLE_FAMILY,NY,Yonkers,10704,,750.0,2,1.5,2200
SINGLE_FAMILY,NY,Yonkers,10704,,1800.0,3,1.5,3800
TOWNHOUSE,NY,Yonkers,10701,,,1,1.0,1670
TOWNHOUSE,NY,Yonkers,10704,,1000.0,2,1.0,2600
SINGLE_FAMILY,NY,Yonkers,10704,,750.0,1,1.0,1600
SINGLE_FAMILY,NY,Yonkers,10704,,,2,1.0,2400
SINGLE_FAMILY,NY,Yonkers,10710,,,1,1.0,2100
SINGLE_FAMILY,NY,Yonkers,10704,,200.0,0,1.0,1200
SINGLE_FAMILY,NY,Yonkers,10704,,1200.0,4,2.0,3700
TOWNHOUSE,NY,Yonkers,10701,,900.0,3,1.0,2700
SINGLE_FAMILY,NY,Yonkers,10704,,1620.0,4,2.0,5000
SINGLE_FAMILY,NY,Bronxville,10708,,1894.0,4,2.0,8000
SINGLE_FAMILY,NY,Yonkers,10703,,876.0,3,1.0,2800
TOWNHOUSE,NY,Yonkers,10704,,,1,1.0,1600
TOWNHOUSE,NY,Yonkers,10701,,1900.0,3,1.0,2600
TOWNHOUSE,NY,Yonkers,10701,,,3,2.0,3100
SINGLE_FAMILY,NY,Yonkers,10704,,,2,1.0,2500
SINGLE_FAMILY,NY,Yonkers,10701,,1196.0,3,2.0,3400
TOWNHOUSE,NY,Yonkers,10704,,1000.0,4,1.0,2700
SINGLE_FAMILY,NY,Yonkers,10704,,,3,2.0,3800
SINGLE_FAMILY,NY,Yonkers,10703,,,2,1.0,2450
SINGLE_FAMILY,NY,Yonkers,10704,,,2,1.0,2500
SINGLE_FAMILY,NY,Yonkers,10704,,,2,1.0,2600
TOWNHOUSE,NY,Yonkers,10701,,,1,1.0,1600
TOWNHOUSE,NY,Yonkers,10705,,1200.0,3,1.0,2200
SINGLE_FAMILY,NY,Yonkers,10705,,1200.0,2,1.0,2900
SINGLE_FAMILY,NY,Yonkers,10710,,2230.0,4,2.0,4100
TOWNHOUSE,NY,Yonkers,10701,,,4,1.0,2500
TOWNHOUSE,NY,Yonkers,10703,,,2,1.0,2200
SINGLE_FAMILY,NY,Yonkers,10704,,1500.0,4,2.0,4000
SINGLE_FAMILY,NY,Yonkers,10701,,150.0,3,1.0,3900
TOWNHOUSE,NY,Yonkers,10701,,1000.0,3,1.0,2300
TOWNHOUSE,NY,Yonkers,10701,,,2,1.0,1700
TOWNHOUSE,NY,Yonkers,10701,,,2,1.0,1750
TOWNHOUSE,NY,Yonkers,10701,,,2,1.0,1800
TOWNHOUSE,NY,Yonkers,10701,,,2,1.0,2100
TOWNHOUSE,NY,Yonkers,10701,,,2,1.0,1750
TOWNHOUSE,NY,Yonkers,10705,,,3,2.0,3300
TOWNHOUSE,NY,Yonkers,10701,,,2,1.0,1800
TOWNHOUSE,NY,Yonkers,10701,,,2,1.0,1975
TOWNHOUSE,NY,Yonkers,10701,,,2,1.0,1800
TOWNHOUSE,NY,Yonkers,10701,,1045.0,3,1.0,2400
TOWNHOUSE,NY,Yonkers,10710,,802.0,2,1.0,2550
TOWNHOUSE,NY,Yonkers,10710,,700.0,1,1.0,2200
SINGLE_FAMILY,NY,Yonkers,10708,,,3,1.0,2700
TOWNHOUSE,NY,Yonkers,10701,,,3,1.0,2000
TOWNHOUSE,NY,Yonkers,10701,,,3,1.0,2500
TOWNHOUSE,NY,Yonkers,10701,,,2,1.0,2100
SINGLE_FAMILY,CT,New Britain,6053,,1040.0,3,1.0,2200
TOWNHOUSE,CT,New Britain,6051,,1030.0,3,1.5,2150
SINGLE_FAMILY,CT,New Britain,6053,,1538.0,4,1.5,2800
SINGLE_FAMILY,CT,New Britain,6051,,1248.0,4,1.0,2000
TOWNHOUSE,CT,New Britain,6053,,1100.0,2,1.5,1585
TOWNHOUSE,CT,New Britain,6051,,1000.0,2,1.5,1700
TOWNHOUSE,CT,New Britain,6053,,,2,1.0,1540
SINGLE_FAMILY,CT,New Britain,6052,,1500.0,2,1.0,1500
SINGLE_FAMILY,NJ,Camden,8104,,,3,1.0,1500
SINGLE_FAMILY,NJ,Camden,8105,,1232.0,3,1.0,1650
TOWNHOUSE,NJ,Mount Laurel,8054,,2416.0,2,2.5,2000
SINGLE_FAMILY,NJ,Camden,8102,,1164.0,3,1.0,1600
SINGLE_FAMILY,NJ,Camden,8103,,1825.0,3,1.5,2250
SINGLE_FAMILY,NJ,Camden,8104,,1000.0,2,1.0,1350
SINGLE_FAMILY,NJ,Camden,8103,,1744.0,4,1.5,1700
SINGLE_FAMILY,NJ,Camden,8104,,988.0,3,1.0,1550
TOWNHOUSE,NJ,Camden,8103,,1108.0,2,1.5,1600
SINGLE_FAMILY,NJ,Camden,8103,,,5,2.0,2500
SINGLE_FAMILY,NJ,Camden,8104,,,2,1.0,1400
SINGLE_FAMILY,NJ,Camden,8103,,823.0,1,1.0,1600
SINGLE_FAMILY,CT,Hartford,6120,,3780.0,3,1.0,1650
TOWNHOUSE,CT,Hartford,6112,,699.0,0,1.0,800
SINGLE_FAMILY,CT,Hartford,6106,,650.0,1,1.0,825
SINGLE_FAMILY,CT,Hartford,6105,,2244.0,4,2.5,1800
TOWNHOUSE,CT,Hartford,6114,,950.0,2,1.0,1350
SINGLE_FAMILY,CT,Hartford,6120,,1200.0,3,1.0,1595
SINGLE_FAMILY,CT,Hartford,6106,,3233.0,4,1.0,2500
SINGLE_FAMILY,CT,Hartford,6106,,1302.0,3,1.5,2100
TOWNHOUSE,CT,Hartford,6106,,850.0,2,1.0,1400
TOWNHOUSE,CT,Hartford,6105,,800.0,1,1.0,1100
SINGLE_FAMILY,CT,Hartford,6112,,1300.0,3,1.0,1800
TOWNHOUSE,CT,Hartford,6106,,,3,1.0,1225
SINGLE_FAMILY,NJ,Bayonne,7002,,1302.0,2,2.0,1974
SINGLE_FAMILY,NJ,Bayonne,7002,,1594.0,3,2.0,2200
TOWNHOUSE,NJ,Bayonne,7002,,1200.0,3,1.0,2500
TOWNHOUSE,NJ,Bayonne,7002,,,2,1.0,1900
SINGLE_FAMILY,NJ,Bayonne,7002,,,3,1.0,2600
SINGLE_FAMILY,NJ,Bayonne,7002,,,1,1.0,1600
SINGLE_FAMILY,NJ,Bayonne,7002,,,1,1.0,1500
TOWNHOUSE,NJ,Bayonne,7002,,800.0,1,1.0,1450
SINGLE_FAMILY,NJ,Bayonne,7002,,,2,1.0,1790
TOWNHOUSE,NJ,Bayonne,7002,,,3,1.0,1900
SINGLE_FAMILY,NJ,Bayonne,7002,,,3,1.0,2400
TOWNHOUSE,NJ,Bayonne,7002,,1150.0,2,2.0,2200
SINGLE_FAMILY,NJ,Bayonne,7002,,,1,1.0,1650
TOWNHOUSE,NJ,Bayonne,7002,,,2,1.0,1900
SINGLE_FAMILY,NJ,Bayonne,7002,,2500.0,5,3.5,3500
SINGLE_FAMILY,NJ,Bayonne,7002,,,3,1.0,2000
TOWNHOUSE,NJ,Bayonne,7002,,2000.0,5,2.5,2995
SINGLE_FAMILY,NJ,Bayonne,7002,,,0,1.0,1200
SINGLE_FAMILY,NJ,Bayonne,7002,,,3,2.0,2600
TOWNHOUSE,NJ,Bayonne,7002,,1200.0,3,2.0,2300
SINGLE_FAMILY,NJ,Bayonne,7002,,,2,1.0,1950
SINGLE_FAMILY,NJ,Bayonne,7002,,,3,1.0,1800
TOWNHOUSE,NJ,Bayonne,7002,,3000.0,3,2.0,3450
SINGLE_FAMILY,NJ,Bayonne,7002,,,2,1.0,1625
SINGLE_FAMILY,NJ,Bayonne,7002,,,2,1.0,2000
SINGLE_FAMILY,NJ,Bayonne,7002,,,2,1.0,1800
SINGLE_FAMILY,NJ,Bayonne,7002,,,2,1.0,1850
SINGLE_FAMILY,NJ,Bayonne,7002,,,2,1.0,2100
TOWNHOUSE,NY,Buffalo,14223,,1117.0,3,1.5,2100
SINGLE_FAMILY,NY,Buffalo,14207,,,3,1.5,1200
SINGLE_FAMILY,NY,Buffalo,14213,,,1,1.0,850
SINGLE_FAMILY,NY,Buffalo,14206,,700.0,1,1.0,700
TOWNHOUSE,NY,Buffalo,14207,,,2,1.0,925
SINGLE_FAMILY,NY,Amherst,14228,1.0,1236.0,3,2.0,2000
SINGLE_FAMILY,NY,Buffalo,14215,,1958.0,7,2.0,3150
SINGLE_FAMILY,NY,Buffalo,14223,,1230.0,3,1.5,1640
SINGLE_FAMILY,NY,Buffalo,14220,,,3,1.0,1050
SINGLE_FAMILY,NY,Buffalo,14213,,,2,1.0,995
TOWNHOUSE,NY,Buffalo,14206,,,1,1.0,725
SINGLE_FAMILY,NY,Buffalo,14214,,1543.0,5,2.0,3000
SINGLE_FAMILY,NY,Amherst,14226,,1298.0,3,1.5,2950
SINGLE_FAMILY,NY,Buffalo,14207,,1146.0,3,1.0,1500
SINGLE_FAMILY,NY,Buffalo,14214,,800.0,2,1.0,1500
SINGLE_FAMILY,NY,Buffalo,14213,,,1,1.0,795
SINGLE_FAMILY,NY,Buffalo,14225,,,2,1.0,1100
SINGLE_FAMILY,NY,Cheektowaga,14225,,,3,2.0,1695
SINGLE_FAMILY,NY,Buffalo,14214,,2000.0,3,1.0,1500
SINGLE_FAMILY,NY,Buffalo,14207,,1906.0,3,2.0,1800
SINGLE_FAMILY,NY,Buffalo,14214,,2461.0,6,2.0,2700
SINGLE_FAMILY,NY,Buffalo,14214,,2030.0,4,2.5,2000
SINGLE_FAMILY,NY,Buffalo,14214,,1350.0,3,1.0,1550
SINGLE_FAMILY,NY,Buffalo,14211,,1279.0,4,1.0,1400
SINGLE_FAMILY,NY,Buffalo,14211,,1144.0,4,1.0,1400
SINGLE_FAMILY,NY,Buffalo,14214,,1448.0,3,1.5,2200
SINGLE_FAMILY,NY,Buffalo,14214,,1114.0,4,2.0,2400
SINGLE_FAMILY,NY,Buffalo,14215,,1600.0,4,1.0,1500
SINGLE_FAMILY,NY,Lackawanna,14218,,1435.0,3,1.5,1500
SINGLE_FAMILY,NY,Buffalo,14215,,1309.0,3,1.0,1250
TOWNHOUSE,NY,Buffalo,14228,,1288.0,3,1.5,1800
TOWNHOUSE,NY,Buffalo,14228,,980.0,2,1.0,1400
SINGLE_FAMILY,NY,Buffalo,14206,,1219.0,3,1.0,850
SINGLE_FAMILY,NY,West Seneca,14224,,2560.0,4,2.5,3150
SINGLE_FAMILY,NY,Buffalo,14213,,1212.0,3,1.0,1500
TOWNHOUSE,NY,Buffalo,14225,,850.0,2,1.0,1350
SINGLE_FAMILY,NY,Buffalo,14206,,1196.0,3,1.0,1450
SINGLE_FAMILY,NY,Buffalo,14214,,2200.0,7,2.0,3500
TOWNHOUSE,NY,Buffalo,14228,,1820.0,3,2.5,2360
SINGLE_FAMILY,NY,Buffalo,14211,,1504.0,4,2.0,1600
TOWNHOUSE,NY,Buffalo,14228,,1100.0,3,1.5,1400
SINGLE_FAMILY,NY,Buffalo,14215,,,3,1.0,1000
SINGLE_FAMILY,NY,Cheektowaga,14225,,1996.0,3,2.0,1895
SINGLE_FAMILY,NY,Buffalo,14215,,1350.0,4,1.0,1450
SINGLE_FAMILY,NY,Buffalo,14212,,1200.0,3,1.0,1500
SINGLE_FAMILY,NY,Buffalo,14207,,800.0,1,1.0,1250
SINGLE_FAMILY,NY,Buffalo,14201,,3366.0,5,2.5,4500
SINGLE_FAMILY,NY,Buffalo,14212,,1000.0,2,1.0,1000
TOWNHOUSE,NY,Buffalo,14228,,1700.0,3,2.5,2600
SINGLE_FAMILY,NY,Cheektowaga,14227,,1170.0,2,1.5,1800
TOWNHOUSE,NY,Buffalo,14211,,950.0,2,1.0,850
SINGLE_FAMILY,NY,Buffalo,14212,,3348.0,0,0.5,3000
SINGLE_FAMILY,NY,Buffalo,14201,,1300.0,2,1.0,1250
SINGLE_FAMILY,NY,Buffalo,14214,,1547.0,3,2.0,2300
TOWNHOUSE,NY,Buffalo,14203,,1375.0,2,2.0,2100
SINGLE_FAMILY,NY,Buffalo,14214,,1768.0,6,3.0,3000
TOWNHOUSE,NY,Amherst,14228,,1300.0,2,1.5,2000
SINGLE_FAMILY,NY,Blasdell,14219,,1200.0,3,1.0,2000
SINGLE_FAMILY,NY,Buffalo,14214,,1200.0,4,2.0,2400
SINGLE_FAMILY,NY,Buffalo,14214,,1600.0,5,2.5,2750
SINGLE_FAMILY,NY,Buffalo,14225,,816.0,2,1.0,1250
SINGLE_FAMILY,NY,Buffalo,14225,,816.0,2,1.0,1250
SINGLE_FAMILY,CT,Waterbury,6704,,1488.0,4,2.0,2500
SINGLE_FAMILY,CT,Waterbury,6704,,1700.0,4,2.0,2999
SINGLE_FAMILY,CT,Waterbury,6705,,,4,2.0,3600
TOWNHOUSE,CT,Waterbury,6704,,1200.0,4,1.5,1600
TOWNHOUSE,CT,Waterbury,6705,,1935.0,3,1.5,1795
TOWNHOUSE,CT,Waterbury,6702,,,4,1.0,1700
TOWNHOUSE,CT,Waterbury,6706,,,1,1.0,1100
SINGLE_FAMILY,CT,Waterbury,6705,,912.0,2,1.0,2100
TOWNHOUSE,CT,Waterbury,6705,,1120.0,3,1.5,1700
SINGLE_FAMILY,CT,Waterbury,6704,,912.0,2,1.0,1650
TOWNHOUSE,NY,Mount Vernon,10553,,910.0,2,1.0,2350
SINGLE_FAMILY,NY,Mount Vernon,10550,,1200.0,3,2.0,3200
SINGLE_FAMILY,NY,Mount Vernon,10550,,1600.0,3,1.0,2400
SINGLE_FAMILY,NY,Mount Vernon,10552,,900.0,2,1.0,2300
SINGLE_FAMILY,NY,Mount Vernon,10552,,800.0,2,1.0,2300
TOWNHOUSE,NY,Mount Vernon,10550,,,1,1.0,2000
TOWNHOUSE,NY,Mount Vernon,10550,,,1,1.0,2100
SINGLE_FAMILY,NY,Mount Vernon,10553,,2100.0,3,1.0,3000
SINGLE_FAMILY,NY,Mount Vernon,10553,,1200.0,3,1.0,2900
SINGLE_FAMILY,NY,Mount Vernon,10550,,1222.0,3,1.0,2700
TOWNHOUSE,NY,Mount Vernon,10550,,875.0,3,1.0,2500
TOWNHOUSE,NY,Mount Vernon,10550,,800.0,1,1.0,1600
TOWNHOUSE,NY,Mount Vernon,10550,,,4,1.0,2900
TOWNHOUSE,NY,Mount Vernon,10550,,1800.0,3,2.5,3000
TOWNHOUSE,NJ,Elizabeth,7206,,,4,1.0,2300
SINGLE_FAMILY,NJ,Elizabeth,7201,,2300.0,4,3.0,3800
SINGLE_FAMILY,NJ,Elizabeth,7208,,,1,1.5,3000
SINGLE_FAMILY,NJ,Elizabeth,7202,,1800.0,4,1.5,4250
SINGLE_FAMILY,NJ,Elizabeth,7202,,,3,2.0,2500
SINGLE_FAMILY,NJ,Elizabeth,7206,,,3,2.0,2700
SINGLE_FAMILY,NJ,Elizabeth,7206,,,2,1.0,2000
SINGLE_FAMILY,NJ,Elizabethport,7206,,,4,2.0,2200
TOWNHOUSE,NJ,Elizabethport,7206,,,3,5.0,5200
SINGLE_FAMILY,NJ,Elizabethport,7206,,,1,1.0,1500
SINGLE_FAMILY,NJ,Elizabeth,7206,,,2,1.0,1800
SINGLE_FAMILY,NJ,Elizabeth,7201,,900.0,2,1.0,1795
SINGLE_FAMILY,NJ,Elizabeth,7201,,,2,1.0,1500
SINGLE_FAMILY,NJ,Elizabeth,7208,,,4,4.0,3600
SINGLE_FAMILY,NJ,Elizabeth,7206,,,0,0.0,2200
SINGLE_FAMILY,NY,New Rochelle,10805,,1700.0,3,2.5,4500
SINGLE_FAMILY,NY,New Rochelle,10805,,1800.0,5,2.0,4000
SINGLE_FAMILY,NY,New Rochelle,10801,,,2,1.0,3500
SINGLE_FAMILY,NY,New Rochelle,10801,,1680.0,4,2.0,3800
SINGLE_FAMILY,NY,New Rochelle,10804,,1500.0,3,2.0,4300
SINGLE_FAMILY,NY,New Rochelle,10801,,2300.0,3,2.0,4100
TOWNHOUSE,NJ,Jersey City,7304,,,3,2.0,2800
TOWNHOUSE,NJ,Jersey City,7305,,1490.0,3,3.0,3200
SINGLE_FAMILY,NJ,Jersey City,7307,,,3,1.5,3900
TOWNHOUSE,NJ,Jersey City,7302,,,2,1.5,4500
TOWNHOUSE,NJ,Jersey City,7305,,1600.0,3,2.0,2650
TOWNHOUSE,NJ,Jersey City,7305,,1400.0,2,2.5,2600
SINGLE_FAMILY,NJ,Jersey City,7304,,1200.0,3,1.0,3250
TOWNHOUSE,NJ,Jersey City,7302,,1700.0,5,4.0,3750
SINGLE_FAMILY,NJ,Jersey City,7305,,2000.0,3,2.5,4100
TOWNHOUSE,NJ,Jersey City,7304,,,4,2.5,3450
TOWNHOUSE,NJ,Jersey City,7302,,900.0,1,1.0,3300
TOWNHOUSE,NJ,Jersey City,7305,,2750.0,4,3.5,6000
SINGLE_FAMILY,NJ,Jersey City,7307,,1400.0,3,1.5,3000
TOWNHOUSE,NJ,Jersey City,7304,,600.0,1,1.0,1800
TOWNHOUSE,NJ,Jersey City,7307,,,2,1.0,2600
TOWNHOUSE,NJ,Jersey City,7302,,800.0,1,1.0,2995
TOWNHOUSE,NJ,Jersey City,7304,,1100.0,2,2.0,3250
TOWNHOUSE,NJ,Jersey City,7307,,,1,1.0,1800
TOWNHOUSE,NJ,Jersey City,7304,,1000.0,1,1.0,1900
TOWNHOUSE,NJ,Jersey City,7306,,1000.0,2,1.0,2400
SINGLE_FAMILY,NJ,Jersey City,7305,,700.0,2,1.0,1950
SINGLE_FAMILY,NJ,Jersey City,7305,,,3,1.0,2100
TOWNHOUSE,NJ,Jersey City,7307,,3200.0,4,4.5,6000
SINGLE_FAMILY,NJ,Jersey City,7305,,2000.0,4,2.0,2800
TOWNHOUSE,NJ,Jersey City,7302,,1512.0,2,2.5,4400
SINGLE_FAMILY,NJ,Jersey City,7302,,,1,1.0,2650
TOWNHOUSE,NJ,Jersey City,7304,,630.0,2,1.0,2400
TOWNHOUSE,NJ,Jersey City,7306,,1044.0,2,2.0,3600
SINGLE_FAMILY,NJ,Jersey City,7306,,,3,1.5,2600
SINGLE_FAMILY,NJ,Jersey City,7306,,,1,1.0,1650
SINGLE_FAMILY,NJ,Jersey City,7305,,,2,1.0,1850
TOWNHOUSE,NJ,Jersey City,7306,,1100.0,4,1.5,3200
TOWNHOUSE,NJ,Jersey City,7307,,1200.0,2,2.0,2850
TOWNHOUSE,NJ,Jersey City,7305,,,1,1.0,1850
TOWNHOUSE,NJ,Jersey City,7306,,,3,2.0,2695
SINGLE_FAMILY,NJ,Jersey City,7307,,,3,1.0,2400
SINGLE_FAMILY,NJ,Jersey City,7307,,,3,1.5,2750
TOWNHOUSE,NJ,Jersey City,7302,,1900.0,4,2.5,5750
TOWNHOUSE,NJ,Jersey City,7305,,,3,1.0,2100
SINGLE_FAMILY,NJ,Jersey City,7306,,850.0,3,1.0,2600
TOWNHOUSE,NJ,Jersey City,7307,,900.0,1,1.0,2150
TOWNHOUSE,NJ,Jersey City,7305,,,1,1.0,1650
TOWNHOUSE,NJ,Jersey City,7304,,1100.0,2,1.5,2300
TOWNHOUSE,NJ,Jersey City,7302,,1125.0,2,2.0,5950
TOWNHOUSE,NJ,Jersey City,7305,,,4,2.5,3900
TOWNHOUSE,NJ,Jersey City,7307,,1600.0,3,2.0,3300
TOWNHOUSE,NJ,Jersey City,7305,,1100.0,2,1.0,1850
TOWNHOUSE,NJ,Jersey City,7304,,735.0,1,1.0,2695
TOWNHOUSE,NJ,Jersey City,7307,,997.0,2,1.0,2500
TOWNHOUSE,NJ,Jersey City,7305,,1050.0,3,1.0,1900
SINGLE_FAMILY,NJ,Jersey City,7305,,,4,1.0,2500
TOWNHOUSE,NJ,Jersey City,7307,,,3,2.0,2700
SINGLE_FAMILY,NJ,Jersey City,7307,,1100.0,2,1.0,2498
TOWNHOUSE,NJ,Jersey City,7307,,750.0,1,1.0,1800
SINGLE_FAMILY,NJ,Jersey City,7307,,,3,1.0,4000
TOWNHOUSE,NJ,Jersey City,7305,3.32,1491.0,2,2.5,2800
SINGLE_FAMILY,NJ,Jersey City,7306,,700.0,0,1.0,2500
TOWNHOUSE,NJ,Jersey City,7305,,1491.0,2,2.5,2700
TOWNHOUSE,NJ,Jersey City,7304,,900.0,2,1.0,2100
SINGLE_FAMILY,NJ,Jersey City,7307,,1375.0,3,2.0,3890
SINGLE_FAMILY,NJ,Jersey City,7305,,1000.0,2,1.0,1800
SINGLE_FAMILY,NJ,Jersey City,7306,,900.0,2,1.0,2300
SINGLE_FAMILY,NJ,Jersey City,7304,,2500.0,5,2.5,3500
TOWNHOUSE,NJ,Jersey City,7302,,,2,1.0,3850
SINGLE_FAMILY,NJ,Jersey City,7306,,2100.0,4,2.5,4100
SINGLE_FAMILY,NJ,Jersey City,7305,,1200.0,3,2.0,2600
TOWNHOUSE,NJ,Jersey City,7305,,,2,1.5,3200
TOWNHOUSE,NJ,Jersey City,7304,,2000.0,3,2.5,4300
TOWNHOUSE,NJ,Jersey City,7302,,1300.0,4,2.0,4600
SINGLE_FAMILY,NJ,Jersey City,7307,,,2,1.0,2500
SINGLE_FAMILY,NJ,Jersey City,7306,,3000.0,4,4.0,4500
TOWNHOUSE,NJ,Jersey City,7302,,,1,2.0,3000
TOWNHOUSE,NJ,Jersey City,7306,,1500.0,2,1.5,2500
TOWNHOUSE,NJ,Jersey City,7307,,,3,1.0,2650
TOWNHOUSE,NJ,Jersey City,7305,,,3,1.0,1850
TOWNHOUSE,NJ,Jersey City,7305,,,3,2.0,2350
SINGLE_FAMILY,NJ,Jersey City,7305,,,2,1.0,1850
TOWNHOUSE,NJ,Jersey City,7305,,1491.0,2,2.5,2800
TOWNHOUSE,NJ,Jersey City,7304,,1100.0,3,1.5,2525
TOWNHOUSE,NJ,Jersey City,7305,,,2,1.0,2000
TOWNHOUSE,NJ,Jersey City,7304,,,3,3.0,2500
SINGLE_FAMILY,NJ,Jersey City,7304,,,5,3.5,6500
TOWNHOUSE,NJ,Jersey City,7306,,,2,1.0,1800
TOWNHOUSE,NJ,Jersey City,7304,,2000.0,3,2.5,4000
TOWNHOUSE,NJ,Jersey City,7304,,1400.0,2,2.0,3600
SINGLE_FAMILY,NJ,Jersey City,7305,,,2,1.0,2000
SINGLE_FAMILY,NJ,Jersey City,7304,,1896.0,4,1.0,2200
TOWNHOUSE,NJ,Jersey City,7304,,1000.0,1,1.0,1950
TOWNHOUSE,NJ,Jersey City,7304,,1178.0,3,1.5,3200
TOWNHOUSE,NJ,Jersey City,7306,,950.0,2,1.0,1900
SINGLE_FAMILY,NJ,Jersey City,7304,,1200.0,3,2.0,2600
TOWNHOUSE,NJ,Jersey City,7304,,,3,2.0,2700
TOWNHOUSE,NJ,Jersey City,7304,,,2,3.0,3000
TOWNHOUSE,NJ,Jersey City,7302,,1050.0,3,1.0,2250
SINGLE_FAMILY,NJ,Jersey City,7304,,2500.0,3,2.0,4500
SINGLE_FAMILY,NJ,Jersey City,7304,,,3,2.0,3200
SINGLE_FAMILY,NJ,Jersey City,7307,,,1,1.0,1999
TOWNHOUSE,NJ,Jersey City,7302,,,1,1.0,2000
TOWNHOUSE,NJ,Jersey City,7305,,,5,3.0,3000
TOWNHOUSE,NJ,Jersey City,7304,,,4,1.0,1950
TOWNHOUSE,NJ,Jersey City,7305,,,5,2.0,2200
TOWNHOUSE,NJ,Jersey City,7304,,,2,1.0,1650
TOWNHOUSE,NJ,Jersey City,7305,,,3,1.0,1850
TOWNHOUSE,NJ,Jersey City,7305,,,4,1.0,1550
SINGLE_FAMILY,NJ,Jersey City,7304,,,1,1.0,1450
TOWNHOUSE,NJ,Jersey City,7305,,2100.0,3,1.0,2000
TOWNHOUSE,NJ,Jersey City,7305,,,2,1.0,1850
TOWNHOUSE,NJ,Jersey City,7305,,,3,1.0,1800
TOWNHOUSE,NJ,Jersey City,7305,,,2,1.0,1500
TOWNHOUSE,NJ,Jersey City,7304,,,3,1.0,1800
TOWNHOUSE,NJ,Jersey City,7306,,630.0,1,1.0,1500
TOWNHOUSE,NJ,Jersey City,7304,,,2,1.0,1995
TOWNHOUSE,NJ,Jersey City,7305,,,2,1.0,1975
TOWNHOUSE,NJ,Jersey City,7304,,,1,1.0,1900
TOWNHOUSE,NJ,Jersey City,7302,,875.0,2,1.0,2375
TOWNHOUSE,NJ,Jersey City,7304,,2700.0,4,2.0,4800
TOWNHOUSE,NJ,Jersey City,7305,,,3,1.5,2400
TOWNHOUSE,NJ,Jersey City,7305,,,4,1.0,2600
TOWNHOUSE,NJ,Jersey City,7305,,,3,1.0,1950
SINGLE_FAMILY,NJ,Jersey City,7307,,,2,1.0,2600
TOWNHOUSE,NJ,Jersey City,7305,,,3,1.0,2200
TOWNHOUSE,NJ,Jersey City,7306,,,6,2.0,4000
SINGLE_FAMILY,NJ,Jersey City,7305,,,2,1.0,1850
TOWNHOUSE,NJ,Jersey City,7305,,,2,1.0,1700
TOWNHOUSE,NJ,Jersey City,7306,,2300.0,3,2.5,6500
TOWNHOUSE,NJ,Newark,7108,,,3,1.0,1950
SINGLE_FAMILY,NJ,Newark,7107,,1000.0,2,1.0,1725
TOWNHOUSE,NJ,Newark,7102,,2200.0,4,2.5,3300
SINGLE_FAMILY,NJ,Newark,7104,,972.0,1,1.0,1500
SINGLE_FAMILY,NJ,Newark,7103,,1200.0,2,1.0,1995
TOWNHOUSE,NJ,Newark,7105,,1600.0,3,1.5,2700
SINGLE_FAMILY,NJ,Newark,7112,,1600.0,3,2.0,2300
TOWNHOUSE,NJ,Newark,7103,,1450.0,3,2.5,2700
TOWNHOUSE,NJ,Newark,7108,,,4,1.5,2600
TOWNHOUSE,NJ,Newark,7112,,1400.0,3,2.5,2500
SINGLE_FAMILY,NJ,Newark,7107,,1100.0,3,1.0,1775
SINGLE_FAMILY,NJ,Newark,7107,,,3,2.0,2500
TOWNHOUSE,NJ,Newark,7114,,,2,2.0,2400
SINGLE_FAMILY,NJ,Newark,7103,,,2,1.0,2200
TOWNHOUSE,NJ,Newark,7103,,,3,1.0,1450
SINGLE_FAMILY,NJ,Newark,7103,,966.0,3,1.0,1895
SINGLE_FAMILY,NJ,Newark,7112,,,2,1.0,1950
SINGLE_FAMILY,NJ,Newark,7112,,1700.0,3,1.0,2250
SINGLE_FAMILY,NJ,Newark,7112,,,4,1.0,2300
SINGLE_FAMILY,NJ,Newark,7108,,775.0,3,2.0,2200
SINGLE_FAMILY,NJ,Newark,7114,,3192.0,3,2.0,2300
SINGLE_FAMILY,NJ,Newark,7104,,,2,1.0,1800
TOWNHOUSE,NJ,Newark,7104,,,2,1.0,1650
SINGLE_FAMILY,NJ,Newark,7112,,,2,1.5,1800
TOWNHOUSE,NJ,Newark,7106,,1866.0,5,2.0,3500
TOWNHOUSE,NJ,Newark,7103,,,4,2.0,2500
SINGLE_FAMILY,NJ,Newark,7106,,1000.0,3,1.0,2275
SINGLE_FAMILY,NJ,Newark,7103,,3171.0,4,2.0,2600
SINGLE_FAMILY,NJ,Newark,7108,,3736.0,3,1.0,2200
TOWNHOUSE,NJ,Newark,7104,,,1,100.0,1600
SINGLE_FAMILY,NJ,Newark,7103,,2128.0,2,1.0,1700
TOWNHOUSE,NJ,Newark,7103,,,3,1.0,1705
SINGLE_FAMILY,NJ,Newark,7106,,,2,1.0,1775
SINGLE_FAMILY,NJ,Newark,7108,,2306.0,5,3.5,2850
SINGLE_FAMILY,NJ,Newark,7114,,,3,2.0,2200
SINGLE_FAMILY,NJ,Newark,7108,,,3,1.0,2000
TOWNHOUSE,NJ,Newark,7106,,750.0,1,1.0,1500
TOWNHOUSE,NJ,Newark,7106,,,3,1.0,1900
SINGLE_FAMILY,NJ,Newark,7107,,1500.0,1,1.0,1500
TOWNHOUSE,NJ,Newark,7107,,,2,2.0,2000
SINGLE_FAMILY,NJ,Newark,7106,,2576.0,3,1.0,1900
TOWNHOUSE,NJ,Newark,7105,,1217.0,2,2.0,3100
SINGLE_FAMILY,NJ,Newark,7114,,,3,3.0,2800
SINGLE_FAMILY,NJ,Newark,7103,,,3,1.0,1850
TOWNHOUSE,NJ,Newark,7106,,,2,1.0,1800
SINGLE_FAMILY,NJ,Newark,7104,,1734.0,4,1.5,2350
TOWNHOUSE,NJ,Newark,7106,,,5,3.0,2200
TOWNHOUSE,NJ,Newark,7106,,,2,1.0,1550
TOWNHOUSE,NJ,Newark,7108,,,3,1.0,1400
TOWNHOUSE,NJ,Newark,7104,,,1,1.0,1350
TOWNHOUSE,NJ,Newark,7106,,,5,3.0,2350
TOWNHOUSE,NJ,Newark,7112,,,3,1.0,1750
TOWNHOUSE,NJ,Newark,7108,,,3,1.0,1600
TOWNHOUSE,NJ,Newark,7107,,,3,1.0,1600
TOWNHOUSE,NJ,Newark,7104,,,2,1.0,1350
TOWNHOUSE,NJ,Newark,7108,,,2,1.0,1300
TOWNHOUSE,NJ,Newark,7108,,,3,2.0,2200
SINGLE_FAMILY,NJ,Newark,7108,,,2,1.0,1800
TOWNHOUSE,NJ,Newark,7103,,,3,1.0,1700
TOWNHOUSE,NJ,Newark,7107,,,2,1.0,1599
TOWNHOUSE,NJ,Newark,7103,,,4,1.0,1900
TOWNHOUSE,NJ,Newark,7106,,,4,2.0,2300
TOWNHOUSE,NJ,Newark,7112,,,3,1.0,2100
TOWNHOUSE,NJ,Newark,7112,,,3,1.0,1700
TOWNHOUSE,NJ,Newark,7103,,,3,2.0,1900
SINGLE_FAMILY,NJ,Newark,7108,,800.0,3,1.0,2050
TOWNHOUSE,NJ,Newark,7106,,,2,1.0,1650
TOWNHOUSE,NJ,Newark,7106,,,3,1.0,1800
TOWNHOUSE,NJ,Newark,7106,,800.0,2,1.0,1975
TOWNHOUSE,NJ,Newark,7103,,,3,1.0,1800
SINGLE_FAMILY,NJ,Newark,7102,1.86,,4,2.0,3400
TOWNHOUSE,NJ,Newark,7103,,,3,1.0,2199
TOWNHOUSE,NJ,Newark,7108,,,3,2.0,2100
SINGLE_FAMILY,CT,Danbury,6811,,1950.0,3,1.5,2999
SINGLE_FAMILY,CT,Danbury,6811,,2535.0,4,3.0,3775
SINGLE_FAMILY,CT,Danbury,6811,,2865.0,4,2.5,15000
SINGLE_FAMILY,CT,Danbury,6810,,1188.0,3,2.0,3600
SINGLE_FAMILY,CT,Danbury,6811,,800.0,2,1.0,2100
SINGLE_FAMILY,CT,Danbury,6811,,2500.0,4,3.0,10000
TOWNHOUSE,CT,Danbury,6811,,2600.0,4,3.5,3795
TOWNHOUSE,CT,Danbury,6810,,1350.0,2,1.5,2200
TOWNHOUSE,CT,Danbury,6811,,3000.0,4,3.5,3795
TOWNHOUSE,CT,Danbury,6811,,3000.0,4,3.5,3795
TOWNHOUSE,CT,Danbury,6810,,1465.0,2,2.5,3000
TOWNHOUSE,CT,Danbury,6810,,2103.0,2,3.5,5200
SINGLE_FAMILY,CT,Danbury,6811,,2517.0,3,2.0,3200
SINGLE_FAMILY,NY,Syracuse,13205,,1011.0,3,1.0,1495
SINGLE_FAMILY,NY,Syracuse,13208,,1878.0,5,2.0,1850
SINGLE_FAMILY,NY,Syracuse,13203,,1882.0,4,2.0,1748
SINGLE_FAMILY,NY,Syracuse,13206,,1419.0,3,1.5,1528
TOWNHOUSE,NY,Syracuse,13210,,1300.0,3,1.5,1947
SINGLE_FAMILY,NY,Syracuse,13203,,,3,1.5,2100
SINGLE_FAMILY,NY,Syracuse,13210,,2685.0,5,1.5,2625
SINGLE_FAMILY,NY,Syracuse,13214,,1431.0,2,1.0,1950
SINGLE_FAMILY,NY,Syracuse,13209,,1908.0,3,1.0,1800
TOWNHOUSE,NY,Syracuse,13207,,3262.0,3,1.5,1250
SINGLE_FAMILY,NY,Syracuse,13210,,1644.0,5,2.0,2625
SINGLE_FAMILY,NY,Syracuse,13204,,1400.0,2,1.0,1350
SINGLE_FAMILY,NY,Syracuse,13204,,1440.0,4,2.0,2000
TOWNHOUSE,NY,Syracuse,13210,,1258.0,3,1.0,1800
SINGLE_FAMILY,NY,Syracuse,13219,,1894.0,4,2.0,2500
SINGLE_FAMILY,NY,Syracuse,13210,,2400.0,6,2.0,2700
TOWNHOUSE,NY,Syracuse,13210,,1252.0,3,1.5,1750
SINGLE_FAMILY,NY,Syracuse,13210,,,6,2.5,3600
SINGLE_FAMILY,NY,Syracuse,13210,,768.0,2,1.0,1200
SINGLE_FAMILY,NY,Syracuse,13203,,1096.0,3,1.0,2000
SINGLE_FAMILY,NY,Syracuse,13207,,1504.0,3,1.5,1800
TOWNHOUSE,NY,Syracuse,13210,,2588.0,3,1.0,1300
SINGLE_FAMILY,NY,Syracuse,13210,,2787.0,5,2.0,2800
SINGLE_FAMILY,NY,Syracuse,13205,,1350.0,3,1.0,1895
TOWNHOUSE,NY,Syracuse,13208,,1143.0,3,1.0,1350
SINGLE_FAMILY,NY,Syracuse,13210,,2165.0,5,3.5,3600
TOWNHOUSE,NY,Syracuse,13206,,1300.0,2,1.0,1200
SINGLE_FAMILY,NY,Syracuse,13214,,1300.0,4,2.0,2600
SINGLE_FAMILY,NY,Syracuse,13210,,,6,2.0,3600
SINGLE_FAMILY,NY,Syracuse,13210,,,4,2.0,2900
SINGLE_FAMILY,NY,Syracuse,13210,,,5,2.5,3125
SINGLE_FAMILY,NY,Syracuse,13210,,,3,1.0,2100
SINGLE_FAMILY,NY,Syracuse,13210,,,4,1.0,2400
SINGLE_FAMILY,NY,Syracuse,13210,,,4,1.5,2500
SINGLE_FAMILY,NY,Syracuse,13210,,,3,1.0,2025
SINGLE_FAMILY,NY,Syracuse,13210,,,3,1.0,2025
SINGLE_FAMILY,NY,Syracuse,13210,,,5,2.0,3000
SINGLE_FAMILY,NY,Syracuse,13210,,2542.0,6,3.0,4050
SINGLE_FAMILY,NY,Syracuse,13210,,,5,2.0,2875
SINGLE_FAMILY,NY,Syracuse,13210,,1260.0,4,2.0,2400
SINGLE_FAMILY,NY,Syracuse,13210,,,5,1.5,2875
SINGLE_FAMILY,NY,Syracuse,13210,,1336.0,4,1.0,2400
SINGLE_FAMILY,NY,Utica,13502,,1225.0,2,1.0,1700
SINGLE_FAMILY,NY,Utica,13501,,1276.0,3,1.5,1675
SINGLE_FAMILY,NY,Utica,13502,,924.0,2,1.0,1095
SINGLE_FAMILY,NY,Utica,13501,,1738.0,3,2.0,2400
TOWNHOUSE,NY,Utica,13502,,1050.0,1,1.0,1650
TOWNHOUSE,NJ,East Orange,7018,,,3,1.0,1950
TOWNHOUSE,NJ,East Orange,7018,,,5,2.0,2500
SINGLE_FAMILY,NJ,East Orange,7017,,960.0,2,1.0,1499
SINGLE_FAMILY,NJ,East Orange,7017,,,4,4.5,6700
SINGLE_FAMILY,NJ,East Orange,7017,,795.0,3,1.0,1950
SINGLE_FAMILY,NJ,East Orange,7017,,4500.0,5,3.0,4500
SINGLE_FAMILY,NJ,East Orange,7018,,,0,0.0,2000
TOWNHOUSE,NJ,East Orange,7017,,,1,1.0,1650
SINGLE_FAMILY,NJ,Clifton,7013,,1389.0,3,2.0,3200
SINGLE_FAMILY,NJ,Clifton,7012,,,3,1.5,3100
SINGLE_FAMILY,NJ,Clifton,7012,,1700.0,2,2.0,3000
TOWNHOUSE,NJ,Clifton,7014,,1450.0,2,2.5,3100
SINGLE_FAMILY,NJ,Clifton,7011,,,2,1.0,1725
SINGLE_FAMILY,NJ,Clifton,7013,,1500.0,3,2.0,3900
SINGLE_FAMILY,NJ,Clifton,7013,,3580.0,4,3.5,5800
SINGLE_FAMILY,NJ,Clifton,7011,,1800.0,3,2.0,4000
TOWNHOUSE,NJ,Clifton,7013,,1424.0,2,2.5,2700
SINGLE_FAMILY,NJ,Clifton,7011,,,3,1.0,2000
SINGLE_FAMILY,NJ,Clifton,7013,,,3,1.0,2650
SINGLE_FAMILY,NJ,Clifton,7011,,,3,1.0,2250
SINGLE_FAMILY,NJ,Clifton,7011,,,1,1.0,1700
TOWNHOUSE,NY,Brooklyn,11216,,1500.0,2,1.0,4950
TOWNHOUSE,NY,Brooklyn,11228,,1800.0,0,1.5,5000
SINGLE_FAMILY,NY,Brooklyn,11237,,,4,3.0,6000
SINGLE_FAMILY,NY,Brooklyn,11214,,1200.0,3,1.5,2690
TOWNHOUSE,NY,Brooklyn,11221,,1013.0,2,1.5,3550
TOWNHOUSE,NY,Brooklyn,11207,,,3,1.0,3650
SINGLE_FAMILY,NY,Brooklyn,11203,,,3,2.0,3850
TOWNHOUSE,NY,Brooklyn,11212,,1100.0,2,1.0,2200
SINGLE_FAMILY,NY,Brooklyn,11217,,2250.0,4,3.0,13500
TOWNHOUSE,NY,Brooklyn,11238,,800.0,1,1.0,4200
TOWNHOUSE,NY,Brooklyn,11216,,1700.0,3,4.0,6800
TOWNHOUSE,NY,Brooklyn,11213,,2000.0,3,2.0,5500
TOWNHOUSE,NY,Brooklyn,11213,,2450.0,3,3.0,6500
TOWNHOUSE,NY,Brooklyn,11231,,1200.0,3,2.0,8000
TOWNHOUSE,NY,Brooklyn,11217,,2900.0,3,2.5,13000
TOWNHOUSE,NY,Brooklyn,11215,,1400.0,1,2.0,6850
SINGLE_FAMILY,NY,Brooklyn,11208,,,3,2.5,4500
TOWNHOUSE,NY,Brooklyn,11208,,1100.0,3,2.0,3500
SINGLE_FAMILY,NY,Brooklyn,11234,,2460.0,4,2.0,3600
TOWNHOUSE,NY,Brooklyn,11217,,2280.0,4,2.5,12000
SINGLE_FAMILY,NY,Brooklyn,11226,,,5,3.5,7900
SINGLE_FAMILY,NY,Brooklyn,11207,,,3,1.5,3700
TOWNHOUSE,NY,Brooklyn,11216,,3180.0,5,4.0,12500
TOWNHOUSE,NY,Brooklyn,11217,,2395.0,5,2.5,20000
SINGLE_FAMILY,NY,Brooklyn,11217,,3700.0,4,6.0,16800
TOWNHOUSE,NY,Brooklyn,11231,,,5,3.0,18000
SINGLE_FAMILY,NY,Brooklyn,11214,,,3,2.0,2700
SINGLE_FAMILY,NY,Brooklyn,11234,,2584.0,3,1.0,2800
SINGLE_FAMILY,NY,Brooklyn,11228,,1000.0,3,2.0,3200
SINGLE_FAMILY,NY,Brooklyn,11204,,,2,1.0,2500
TOWNHOUSE,NY,Brooklyn,11214,,1700.0,1,1.0,1800
TOWNHOUSE,NY,Brooklyn,11214,,1000.0,2,1.0,2500
SINGLE_FAMILY,NY,Brooklyn,11214,,1600.0,4,1.5,3500
TOWNHOUSE,NY,Brooklyn,11223,,1150.0,4,2.0,3400
SINGLE_FAMILY,NY,Brooklyn,11234,,820.0,2,1.0,2700
TOWNHOUSE,NY,Brooklyn,11235,,2000.0,2,1.5,3300
SINGLE_FAMILY,NY,Brooklyn,11219,,,1,1.0,1600
SINGLE_FAMILY,NY,Brooklyn,11214,,,3,1.5,3200
SINGLE_FAMILY,NY,Brooklyn,11236,,,4,7.5,2200
TOWNHOUSE,NY,Brooklyn,11236,,3267.0,3,1.5,3250
SINGLE_FAMILY,NY,Brooklyn,11212,,1116.0,3,1.0,3200
SINGLE_FAMILY,NY,Brooklyn,11214,,1600.0,3,2.5,3600
TOWNHOUSE,NY,Brooklyn,11235,,1000.0,2,1.0,2600
TOWNHOUSE,NY,Brooklyn,11234,,,2,1.0,2200
SINGLE_FAMILY,NY,Brooklyn,11214,,1100.0,2,1.0,2900
TOWNHOUSE,NY,Brooklyn,11229,,1240.0,3,2.0,2600
SINGLE_FAMILY,NY,Brooklyn,11204,,1900.0,0,0.0,10000
TOWNHOUSE,NY,Brooklyn,11236,,970.0,2,1.0,2300
TOWNHOUSE,NY,Brooklyn,11230,,,2,1.0,2000
SINGLE_FAMILY,NY,Brooklyn,11234,,2500.0,5,3.0,5250
TOWNHOUSE,NY,Brooklyn,11219,,1300.0,3,1.5,3000
SINGLE_FAMILY,NY,Brooklyn,11214,,950.0,2,1.0,1850
SINGLE_FAMILY,NY,Brooklyn,11235,,1100.0,2,1.0,3000
TOWNHOUSE,NY,Brooklyn,11236,,700.0,1,1.0,1900
SINGLE_FAMILY,NY,Brooklyn,11235,,5000.0,4,3.0,6300
TOWNHOUSE,NY,Brooklyn,11235,,800.0,2,1.0,2550
SINGLE_FAMILY,NY,Brooklyn,11235,,2000.0,4,2.0,3800
TOWNHOUSE,NY,Brooklyn,11224,,,4,1.0,2942
SINGLE_FAMILY,NY,Brooklyn,11229,,,3,1.0,2600
TOWNHOUSE,NY,Brooklyn,11208,,,3,1.0,3214
SINGLE_FAMILY,NY,Brooklyn,11236,,,2,1.0,2300
TOWNHOUSE,NY,Brooklyn,11234,,,2,1.0,2300
SINGLE_FAMILY,NY,Brooklyn,11204,,1200.0,0,1.0,1800
TOWNHOUSE,NY,Brooklyn,11208,,,4,1.0,3229
TOWNHOUSE,NY,Brooklyn,11229,,1250.0,2,1.0,2500
TOWNHOUSE,NY,Brooklyn,11219,,3300.0,8,2.0,8500
SINGLE_FAMILY,NY,Brooklyn,11214,,,3,1.0,2400
SINGLE_FAMILY,NY,Brooklyn,11234,,,3,2.0,2700
SINGLE_FAMILY,NY,Brooklyn,11229,,1000.0,0,1.0,2999
TOWNHOUSE,NY,Brooklyn,11212,,,3,1.0,3082
TOWNHOUSE,NY,Brooklyn,11236,,,4,1.0,3446
TOWNHOUSE,NY,Brooklyn,11214,,1600.0,4,2.0,3399
TOWNHOUSE,NY,Brooklyn,11235,,1250.0,2,1.0,2700
TOWNHOUSE,NY,Brooklyn,11234,,750.0,1,1.0,1900
TOWNHOUSE,NY,Brooklyn,11208,,,3,1.0,3200
TOWNHOUSE,NY,Brooklyn,11212,,,3,1.0,3000
TOWNHOUSE,NY,Brooklyn,11208,,,3,1.0,3188
TOWNHOUSE,NY,Brooklyn,11212,,,3,1.0,3084
TOWNHOUSE,NY,Brooklyn,11212,,3280.0,2,1.0,2800
TOWNHOUSE,NY,Brooklyn,11212,,,3,1.0,3188
TOWNHOUSE,NY,Brooklyn,11236,,900.0,2,1.0,2300
SINGLE_FAMILY,NY,Brooklyn,11212,,,3,1.0,3200
TOWNHOUSE,NY,Brooklyn,11212,,,3,1.0,3019
SINGLE_FAMILY,NJ,Hamilton,8619,,1035.0,3,2.0,3100
SINGLE_FAMILY,NJ,Hamilton,8620,,3088.0,4,2.5,5300
SINGLE_FAMILY,NJ,Hamilton,8620,,2787.0,4,2.5,4500
SINGLE_FAMILY,NJ,Hamilton,8620,,3025.0,4,2.5,5000
SINGLE_FAMILY,NJ,Hamilton,8620,,3088.0,4,2.5,5300
TOWNHOUSE,NJ,Trenton,8638,,952.0,3,2.0,2250
SINGLE_FAMILY,NJ,Hamilton,8610,,1487.0,3,1.5,2800
SINGLE_FAMILY,NJ,Ewing,8618,,2110.0,5,2.0,3100
TOWNHOUSE,NJ,Trenton,8611,,1326.0,4,1.0,2200
TOWNHOUSE,NJ,Trenton,8619,,1260.0,2,1.5,2500
SINGLE_FAMILY,NJ,Trenton,8638,,1058.0,3,1.0,1500
SINGLE_FAMILY,NJ,Trenton,8620,,1200.0,3,2.0,3100
SINGLE_FAMILY,NJ,Robbinsville,8691,,2390.0,4,3.0,4500
SINGLE_FAMILY,NJ,Hamilton,8610,,1510.0,3,2.0,2500
SINGLE_FAMILY,NJ,Trenton,8611,,1200.0,3,2.0,1600
SINGLE_FAMILY,NJ,Trenton,8618,,1500.0,3,1.0,1975
SINGLE_FAMILY,NJ,Trenton,8611,,1770.0,3,3.0,2500
TOWNHOUSE,NJ,Trenton,8618,,1050.0,4,2.0,2100
SINGLE_FAMILY,NJ,Trenton,8611,,1062.0,3,1.0,1850
SINGLE_FAMILY,NJ,Trenton,8609,,1024.0,3,1.0,2000
TOWNHOUSE,NJ,Trenton,8619,,,3,3.0,3450
SINGLE_FAMILY,NJ,Ewing,8618,,1660.0,6,2.0,3300
TOWNHOUSE,NJ,Robbinsville,8691,,1990.0,3,2.5,3000
SINGLE_FAMILY,NJ,Hamilton,8620,,1575.0,5,1.0,2400
SINGLE_FAMILY,NJ,Trenton,8691,,1110.0,2,1.5,2200
SINGLE_FAMILY,NJ,Trenton,8638,,1314.0,3,1.0,1700
SINGLE_FAMILY,NJ,Ewing,8618,,1050.0,3,1.0,2350
SINGLE_FAMILY,NJ,Hamilton,8690,,1353.0,3,2.0,3000
TOWNHOUSE,NJ,Hamilton,8609,,1410.0,3,1.0,2350
SINGLE_FAMILY,NJ,Hamilton,8610,,1320.0,4,1.5,2600
TOWNHOUSE,NJ,Trenton,8618,,,3,1.0,1395
TOWNHOUSE,NJ,Trenton,8611,,1250.0,4,1.0,1770
SINGLE_FAMILY,NJ,Ewing,8618,,1552.0,5,2.0,2975
TOWNHOUSE,NJ,Trenton,8611,,1900.0,3,2.5,2500
TOWNHOUSE,NJ,Trenton,8638,,980.0,2,1.5,1500
SINGLE_FAMILY,NJ,Hamilton,8620,,2078.0,3,2.5,3200
SINGLE_FAMILY,NJ,Hamilton,8610,,,4,1.0,2600
SINGLE_FAMILY,NJ,Trenton,8618,,2016.0,4,2.5,2875
SINGLE_FAMILY,NJ,Ewing,8618,,2498.0,5,3.0,3750
SINGLE_FAMILY,NJ,Ewing,8618,,3400.0,7,3.0,4295
SINGLE_FAMILY,NJ,Ewing,8618,,2408.0,3,1.0,2000
SINGLE_FAMILY,NJ,Hamilton,8619,,1250.0,2,2.0,2590
SINGLE_FAMILY,NJ,Ewing,8618,,1550.0,5,2.0,2500
SINGLE_FAMILY,NY,Jamaica,11417,,1950.0,3,1.0,2750
TOWNHOUSE,NY,Long Island City,11101,,800.0,1,1.0,3700
SINGLE_FAMILY,NY,Jamaica,11414,,900.0,0,1.0,1600
TOWNHOUSE,NY,Ozone Park,11417,,1100.0,1,1.0,1700
SINGLE_FAMILY,NY,Flushing,11356,,1200.0,3,2.0,2600
SINGLE_FAMILY,NY,Flushing,11375,,2500.0,4,4.0,7000
TOWNHOUSE,NY,Far Rockaway,11692,,1000.0,1,1.0,2500
SINGLE_FAMILY,NY,Flushing,11374,,2000.0,3,2.5,4200
SINGLE_FAMILY,NY,Far Rockaway,11691,,,3,1.0,2700
SINGLE_FAMILY,NY,Jamaica,11434,,1440.0,3,2.0,3500
SINGLE_FAMILY,NY,Flushing,11364,,,4,2.0,3800
SINGLE_FAMILY,NY,Flushing,11366,,1500.0,3,1.5,4100
TOWNHOUSE,NY,Ridgewood,11385,,750.0,1,1.0,2100
TOWNHOUSE,NY,Jamaica,11433,,1100.0,3,2.0,2600
SINGLE_FAMILY,NY,Whitestone,11357,,725.0,2,1.0,2300
SINGLE_FAMILY,NY,Saint Albans,11412,,1570.0,3,2.0,3595
SINGLE_FAMILY,NY,Flushing,11366,,2000.0,4,2.5,4500
TOWNHOUSE,NY,Fresh Meadows,11365,,,1,1.0,2050
TOWNHOUSE,NY,Bayside,11361,,,3,2.0,2750
SINGLE_FAMILY,NY,Flushing,11375,,2800.0,3,3.0,5500
TOWNHOUSE,NY,Queens Village,11427,,,2,1.0,2500
TOWNHOUSE,NY,Richmond Hill,11418,,,3,1.0,2600
SINGLE_FAMILY,NY,Flushing,11379,,,3,2.0,3900
SINGLE_FAMILY,NY,Flushing,11355,,750.0,3,2.0,2500
SINGLE_FAMILY,NY,Flushing,11375,,1500.0,3,1.5,4500
SINGLE_FAMILY,NY,Flushing,11364,,1100.0,3,1.5,2700
SINGLE_FAMILY,NY,Flushing,11357,,2000.0,3,4.0,5200
TOWNHOUSE,NY,Floral Park,11001,,,2,1.0,2600
TOWNHOUSE,NY,Bayside,11361,,1100.0,2,2.0,2850
SINGLE_FAMILY,NY,Whitestone,11357,,1200.0,3,3.0,3600
SINGLE_FAMILY,NY,Jamaica,11436,,,5,2.0,4500
TOWNHOUSE,NY,Flushing,11374,,2000.0,2,1.5,4000
SINGLE_FAMILY,NY,Jamaica,11414,,2000.0,4,2.0,4450
SINGLE_FAMILY,NY,Flushing,11367,,1296.0,3,1.5,3250
SINGLE_FAMILY,NY,Jamaica,11413,,1000.0,3,1.0,3000
TOWNHOUSE,NY,Arverne,11692,,700.0,1,1.0,1900
SINGLE_FAMILY,NY,Jamaica,11432,,2514.0,5,3.0,6000
SINGLE_FAMILY,NY,Jamaica,11421,,600.0,1,1.0,1680
TOWNHOUSE,NY,College Point,11356,,700.0,2,1.0,2000
SINGLE_FAMILY,NY,Jamaica,11420,,,4,2.0,3500
SINGLE_FAMILY,NY,Whitestone,11357,,1300.0,3,2.0,2850
SINGLE_FAMILY,NY,Flushing,11366,,,3,2.5,6995
SINGLE_FAMILY,NY,Flushing,11365,,,3,1.5,4100
SINGLE_FAMILY,NY,Flushing,11360,,1400.0,3,2.0,3000
SINGLE_FAMILY,NY,Jamaica,11432,,,5,4.0,5800
TOWNHOUSE,NY,Bellerose,11426,,650.0,1,1.0,1850
TOWNHOUSE,NY,Far Rockaway,11691,,,3,1.0,3082
TOWNHOUSE,NY,Far Rockaway,11691,,,4,1.0,3400
TOWNHOUSE,NY,Far Rockaway,11691,,,3,1.0,3088
SINGLE_FAMILY,NY,Ridgewood,11385,,,3,2.0,3495
SINGLE_FAMILY,NY,Queens Village,11427,,,1,1.0,1350
SINGLE_FAMILY,NY,Whitestone,11357,,1200.0,3,2.5,4000
SINGLE_FAMILY,NY,Flushing,11361,,1065.0,3,1.5,3500
SINGLE_FAMILY,NY,Middle Village,11379,,,3,1.0,2800
SINGLE_FAMILY,NY,Jamaica,11419,,,3,2.0,3500
TOWNHOUSE,NY,Flushing,11355,,,3,1.5,2500
SINGLE_FAMILY,NY,Flushing,11364,,1375.0,3,2.0,2850
SINGLE_FAMILY,NY,Jamaica,11434,,1020.0,3,1.0,2800
TOWNHOUSE,NY,Bellerose,11426,,900.0,2,1.0,2550
TOWNHOUSE,NY,Flushing,11367,,900.0,2,1.0,2200
SINGLE_FAMILY,NY,Bayside,11361,,600.0,1,1.0,1600
SINGLE_FAMILY,NY,Flushing,11367,,1034.0,3,1.0,2500
TOWNHOUSE,NY,Jamaica,11429,,1100.0,2,2.0,2550
TOWNHOUSE,NY,Jamaica,11416,,,2,1.0,2555
TOWNHOUSE,NY,Ridgewood,11385,,,3,1.0,3082
SINGLE_FAMILY,NY,Flushing,11355,,1540.0,4,2.0,2800
SINGLE_FAMILY,NY,Oaks,11004,,1236.0,1,1.0,1500
SINGLE_FAMILY,NY,Flushing,11355,,,3,1.0,2300
TOWNHOUSE,NY,Far Rockaway,11691,,,3,1.0,2912
TOWNHOUSE,NY,Flushing,11361,,750.0,2,1.0,2300
TOWNHOUSE,NY,Hollis,11423,,,2,1.0,1800
SINGLE_FAMILY,NY,Jamaica,11432,,1722.0,3,2.5,3900
SINGLE_FAMILY,NY,Flushing,11364,,1296.0,3,1.5,2900
SINGLE_FAMILY,NY,Flushing,11364,,1200.0,3,2.5,3100
SINGLE_FAMILY,NY,Whitestone,11357,,800.0,2,1.0,2100
SINGLE_FAMILY,NY,Jamaica,11433,,1500.0,3,2.0,2800
SINGLE_FAMILY,NY,Jamaica,11432,,1000.0,3,1.0,2900
SINGLE_FAMILY,NY,Flushing,11356,,900.0,3,1.0,2600
SINGLE_FAMILY,NY,Far Rockaway,11694,,655.0,2,1.0,2250
TOWNHOUSE,NY,Far Rockaway,11691,,,3,1.0,3200
SINGLE_FAMILY,NY,Fresh Meadows,11365,,1440.0,3,1.5,3800
SINGLE_FAMILY,NY,Jamaica,11434,,,3,2.0,1950
SINGLE_FAMILY,NY,Queens Village,11427,,,3,1.5,4990
SINGLE_FAMILY,NY,Flushing,11365,,700.0,2,1.0,1900
SINGLE_FAMILY,NY,Flushing,11379,,1782.0,1,1.0,1800
TOWNHOUSE,NY,Flushing,11358,,600.0,1,1.0,1700
TOWNHOUSE,NY,Ozone Park,11416,,1100.0,3,1.0,2450
SINGLE_FAMILY,NY,Jamaica,11432,,1296.0,4,2.5,3700
SINGLE_FAMILY,NY,Jamaica,11421,,1292.0,3,1.0,3000
SINGLE_FAMILY,NY,Jamaica,11418,,,2,1.0,2100
SINGLE_FAMILY,NY,Rosedale,11422,,1250.0,3,2.0,4200
SINGLE_FAMILY,NY,Jamaica,11419,,1328.0,3,1.0,3000
SINGLE_FAMILY,NY,Flushing,11365,,1300.0,3,1.0,2600
SINGLE_FAMILY,NY,Jamaica,11434,,1300.0,3,1.5,3900
SINGLE_FAMILY,NY,Springfield Gardens,11413,,,3,1.0,2600
SINGLE_FAMILY,NY,Whitestone,11357,,4000.0,3,2.0,4000
SINGLE_FAMILY,NY,Flushing,11358,,,3,2.5,4000
TOWNHOUSE,NY,Bayside,11361,,998.0,3,1.0,2800
SINGLE_FAMILY,NY,Jamaica,11428,,450.0,2,1.0,1600
TOWNHOUSE,NY,Flushing,11367,,1200.0,3,2.0,2650
SINGLE_FAMILY,NY,Flushing,11358,,1800.0,2,1.0,2500
SINGLE_FAMILY,NY,Jamaica,11435,,,2,1.0,1850
SINGLE_FAMILY,NY,Oaks,11004,,1000.0,1,1.0,1600
SINGLE_FAMILY,NY,Flushing,11364,,1686.0,3,1.5,4700
SINGLE_FAMILY,NY,Flushing,11358,,2000.0,3,3.0,4000
TOWNHOUSE,NY,College Pt,11356,,800.0,2,1.0,1700
SINGLE_FAMILY,NY,Hollis,11423,,,2,1.0,1700
SINGLE_FAMILY,NY,Ozone Park,11417,,1100.0,3,1.0,2500
SINGLE_FAMILY,NY,Jamaica,11417,,900.0,2,1.0,1800
SINGLE_FAMILY,NY,Bayside,11360,,1500.0,2,1.0,2950
SINGLE_FAMILY,NY,Jamaica,11433,,,3,1.0,3200
SINGLE_FAMILY,NY,East Elmhurst,11369,,,0,1.0,1200
SINGLE_FAMILY,NY,Hollis,11423,,,3,2.0,3200
SINGLE_FAMILY,NY,Flushing,11358,,3500.0,3,2.0,3900
SINGLE_FAMILY,NY,Jamaica,11433,,,6,2.0,4500
SINGLE_FAMILY,NY,Jamaica,11421,,1200.0,4,3.0,3500
SINGLE_FAMILY,NY,Far Rockaway,11691,,2909.0,1,1.0,1300
TOWNHOUSE,NY,Oakland Gardens,11364,,1000.0,2,1.0,2100
TOWNHOUSE,NY,Jamaica,11433,,,3,1.0,2400
SINGLE_FAMILY,NY,Flushing,11354,,550.0,1,1.0,1700
SINGLE_FAMILY,NY,Glendale,11385,,2288.0,1,1.0,1250
SINGLE_FAMILY,NY,South Richmond Hill,11419,,,1,1.0,2800
TOWNHOUSE,NY,Little Neck,11362,,,2,2.0,2800
TOWNHOUSE,NY,Jamaica,11434,,2650.0,4,2.0,3600
TOWNHOUSE,NY,Maspeth,11378,,,3,1.5,2800
SINGLE_FAMILY,NY,Jamaica,11423,,,0,0.0,5800
TOWNHOUSE,NY,Whitestone,11357,,850.0,2,1.0,1900
SINGLE_FAMILY,NY,Jamaica,11433,,,4,1.0,3000
SINGLE_FAMILY,NY,Glendale,11385,,,3,1.0,3400
SINGLE_FAMILY,NY,Jamaica,11432,,,4,2.5,4500
SINGLE_FAMILY,NY,Flushing,11369,,1573.0,3,2.0,3750
TOWNHOUSE,NY,Hollis,11423,,2750.0,3,1.0,2800
SINGLE_FAMILY,NY,Jamaica,11436,,2600.0,3,1.5,2800
TOWNHOUSE,NY,Flushing,11355,,816.0,2,1.0,2150
SINGLE_FAMILY,NY,Richmond Hill,11418,,1800.0,4,1.0,2700
SINGLE_FAMILY,NY,Flushing,11361,,800.0,1,1.0,2100
SINGLE_FAMILY,NY,Rosedale,11422,,950.0,3,1.0,3150
SINGLE_FAMILY,NY,Fresh Meadows,11365,,1400.0,3,2.0,5000
SINGLE_FAMILY,NY,Fresh Meadows,11366,,2400.0,4,3.0,4800
SINGLE_FAMILY,NY,Flushing,11378,,,0,1.0,1700
SINGLE_FAMILY,NY,Jamaica,11411,,1200.0,3,1.0,2500
SINGLE_FAMILY,NY,Springfield Gardens,11413,,7600.0,8,1.0,6500
TOWNHOUSE,NY,Springfield Gardens,11413,,,3,2.0,2850
TOWNHOUSE,NY,Middle Village,11379,,953.0,2,2.0,3000
SINGLE_FAMILY,NY,Jamaica,11436,,,1,1.0,1400
SINGLE_FAMILY,NY,Jamaica,11434,,,5,2.0,4000
TOWNHOUSE,NY,Jamaica,11435,,,2,1.0,2650
SINGLE_FAMILY,NY,Jamaica,11435,,,3,2.0,3000
SINGLE_FAMILY,NY,Jamaica,11435,,,3,2.5,3200
SINGLE_FAMILY,NY,Flushing,11367,,,3,1.0,3300
SINGLE_FAMILY,NY,Flushing,11367,,,6,2.0,6300
SINGLE_FAMILY,NY,Laurelton,11413,,,3,2.0,3000
SINGLE_FAMILY,NY,Jamaica,11435,,1200.0,3,1.0,2850
SINGLE_FAMILY,NY,Bayside,11361,,,3,1.5,3200
SINGLE_FAMILY,NY,Flushing,11358,,,3,3.0,4000
SINGLE_FAMILY,NY,Jamaica,11433,,,1,1.0,1975
TOWNHOUSE,NY,Flushing,11355,,1100.0,3,1.0,2500
SINGLE_FAMILY,NY,Jamaica,11422,,,3,1.5,3000
SINGLE_FAMILY,NY,Jamaica,11432,,1720.0,4,1.5,4800
SINGLE_FAMILY,NY,Flushing,11385,,,1,1.0,2400
SINGLE_FAMILY,NY,Jamaica,11420,,1358.0,3,1.5,3200
SINGLE_FAMILY,NY,Saint Albans,11412,,,3,1.5,2800
SINGLE_FAMILY,NY,Flushing,11355,,2142.0,5,4.0,4800
SINGLE_FAMILY,NY,Rosedale,11422,,,3,2.0,3200
TOWNHOUSE,NY,Ridgewood,11385,,,3,1.5,2700
TOWNHOUSE,NY,Ozone Park,11416,,850.0,1,1.0,1750
SINGLE_FAMILY,NY,Flushing,11358,,2000.0,3,2.5,4000
SINGLE_FAMILY,NY,Flushing,11356,,,2,3.0,3200
TOWNHOUSE,NY,Corona,11368,,,3,1.5,3000
SINGLE_FAMILY,NY,Far Rockaway,11691,,,3,1.0,2600
TOWNHOUSE,NY,Flushing,11356,,2000.0,3,2.0,4000
TOWNHOUSE,NY,Jamaica,11422,,,3,1.0,3800
TOWNHOUSE,NY,College Pt,11356,,998.0,3,1.0,2500
SINGLE_FAMILY,NY,Bayside,11361,,,3,1.5,3950
TOWNHOUSE,NY,Bayside,11361,,,2,1.0,2600
SINGLE_FAMILY,NY,Fresh Meadows,11365,,,3,1.5,4500
SINGLE_FAMILY,NY,Jamaica Estates,11432,,1463.0,5,2.0,3700
SINGLE_FAMILY,NY,Middle Village,11379,,850.0,2,1.0,2300
TOWNHOUSE,NY,Ozone Park,11416,,,3,1.0,2550
SINGLE_FAMILY,NY,Flushing,11354,,500.0,1,1.0,1200
TOWNHOUSE,NY,Flushing,11354,,800.0,0,2.0,2950
TOWNHOUSE,NY,Flushing,11354,,1900.0,0,1.0,3100
SINGLE_FAMILY,NY,Flushing,11354,,1000.0,3,1.5,2600
SINGLE_FAMILY,NY,Flushing,11367,,1224.0,4,2.0,3500
SINGLE_FAMILY,NY,Flushing,11368,,,3,1.5,3000
TOWNHOUSE,NY,Fresh Meadows,11365,,1300.0,3,2.0,3000
TOWNHOUSE,NY,Ridgewood,11385,,550.0,1,1.0,1750
SINGLE_FAMILY,NY,Far Rockaway,11692,,2048.0,3,2.0,3500
SINGLE_FAMILY,NY,Jamaica Estates,11432,,2167.0,3,2.5,5800
SINGLE_FAMILY,NY,Arverne,11692,,,3,1.0,2800
TOWNHOUSE,NY,College Pt,11356,,871.0,2,1.0,2750
SINGLE_FAMILY,NY,Jamaica,11435,,,1,1.0,1800
SINGLE_FAMILY,NY,Flushing,11363,,750.0,1,1.0,2850
SINGLE_FAMILY,NY,Flushing,11355,,1280.0,4,2.0,3300
SINGLE_FAMILY,NY,Rosedale,11422,,,3,1.0,3385
TOWNHOUSE,NY,Little Neck,11363,,1000.0,3,2.0,2600
TOWNHOUSE,NY,Flushing,11367,,1300.0,2,2.0,3500
SINGLE_FAMILY,NY,Ozone Park,11416,,1100.0,3,1.0,2500
SINGLE_FAMILY,NY,Jamaica,11435,,1120.0,3,2.0,3200
SINGLE_FAMILY,NY,Flushing,11366,,1300.0,3,3.0,3350
SINGLE_FAMILY,NY,Arverne,11692,,1092.0,3,1.0,2800
SINGLE_FAMILY,NY,East Elmhurst,11369,,1400.0,3,2.0,3975
SINGLE_FAMILY,NY,Jamaica,11434,,,1,1.0,1300
SINGLE_FAMILY,NY,Flushing,11366,,1687.0,3,1.5,3549
SINGLE_FAMILY,NY,Jamaica,11432,,3000.0,6,4.5,6000
SINGLE_FAMILY,NY,Jamaica,11414,,,3,2.0,2400
SINGLE_FAMILY,NY,Hollis,11423,,,3,3.0,4795
SINGLE_FAMILY,NY,Fresh Meadows,11366,,,6,3.0,5500
SINGLE_FAMILY,NY,Flushing,11366,,,4,2.0,4500
TOWNHOUSE,NY,Ozone Park,11416,,,3,2.0,3100
SINGLE_FAMILY,NY,Ridgewood,11385,,,4,2.5,3595
SINGLE_FAMILY,NY,Flushing,11357,,1056.0,3,1.0,2800
SINGLE_FAMILY,NY,Queens Village,11429,,,1,1.0,1650
TOWNHOUSE,NY,Far Rockaway,11691,,1000.0,3,1.0,2550
SINGLE_FAMILY,NY,South Ozone Park,11420,,,0,0.0,2200
SINGLE_FAMILY,NY,Jamaica,11429,,,3,2.0,3150
SINGLE_FAMILY,NY,Queens Village,11429,,,1,1.0,1900
SINGLE_FAMILY,NY,Queens Village,11427,,,4,1.5,4500
SINGLE_FAMILY,NY,Oakland Gardens,11364,,,4,2.0,3700
SINGLE_FAMILY,NY,Far Rockaway,11691,,,3,1.0,2826
SINGLE_FAMILY,NY,South Richmond Hill,11419,,,2,1.0,2700
SINGLE_FAMILY,CT,Meriden,6450,,,2,1.0,1500
SINGLE_FAMILY,NY,Schenectady,12304,,1298.0,4,1.5,1895
SINGLE_FAMILY,NY,Schenectady,12306,,,1,1.0,1200
SINGLE_FAMILY,NY,Schenectady,12309,,1200.0,3,1.0,2100
TOWNHOUSE,NY,Schenectady,12303,,,2,1.0,1250
TOWNHOUSE,NY,Schenectady,12303,,,2,1.0,1300
SINGLE_FAMILY,NY,Schenectady,12303,,2000.0,4,2.0,2299
SINGLE_FAMILY,NY,Schenectady,12303,,1500.0,3,2.0,1950
SINGLE_FAMILY,NY,Schenectady,12305,,3780.0,2,1.5,1595
SINGLE_FAMILY,NY,Niskayuna,12309,,1290.0,3,1.5,2100
SINGLE_FAMILY,NY,Glenville,12302,,672.0,2,1.0,1125
TOWNHOUSE,NY,New York,10016,,,2,1.0,3500
SINGLE_FAMILY,NY,New York,10065,,4640.0,4,6.0,19000
TOWNHOUSE,NY,New York,10014,,2400.0,3,3.0,22000
TOWNHOUSE,NY,New York,10014,,3000.0,4,2.5,21000
TOWNHOUSE,NY,New York,10011,,2984.0,3,5.0,25000
TOWNHOUSE,NY,New York,10021,,7600.0,6,6.0,65000
SINGLE_FAMILY,NY,New York,10009,,3680.0,3,4.5,17500
TOWNHOUSE,NY,New York,10021,,4000.0,3,4.5,18500
TOWNHOUSE,NY,New York,10001,,2450.0,4,2.5,16750
TOWNHOUSE,NY,New York,10128,,3520.0,4,4.5,25000
TOWNHOUSE,NY,New York,10027,,2100.0,2,2.0,5495
TOWNHOUSE,NY,New York,10128,,,5,3.0,22000
TOWNHOUSE,NY,New York,10024,,,6,6.5,35000
SINGLE_FAMILY,NY,New York,10013,,,4,4.5,36000
TOWNHOUSE,NY,New York,10012,,7000.0,4,6.0,75000
TOWNHOUSE,NY,New York,10013,,8040.0,5,7.0,45000
TOWNHOUSE,NY,New York,10024,,,1,1.0,4500
TOWNHOUSE,NY,New York,10021,,2500.0,4,3.5,13975
TOWNHOUSE,NY,New York,10065,,3200.0,5,4.5,26000
TOWNHOUSE,NY,New York,10021,,3800.0,4,4.5,24800
TOWNHOUSE,NY,New York,10017,,4500.0,4,4.5,25000
TOWNHOUSE,NY,New York,10017,,4600.0,4,3.5,35000
TOWNHOUSE,CT,Bridgeport,6608,,1380.0,2,1.5,1750
TOWNHOUSE,CT,Bridgeport,6605,,,3,1.0,1800
SINGLE_FAMILY,CT,Bridgeport,6606,,1100.0,3,1.0,2100
SINGLE_FAMILY,CT,Bridgeport,6606,,1500.0,4,2.0,3700
SINGLE_FAMILY,CT,Bridgeport,6608,,1000.0,2,1.0,1600
TOWNHOUSE,CT,Bridgeport,6606,,,2,1.0,1600
TOWNHOUSE,CT,Bridgeport,6607,,1200.0,2,1.0,1450
TOWNHOUSE,CT,Bridgeport,6605,,1250.0,3,1.0,2321
SINGLE_FAMILY,CT,Bridgeport,6604,,2450.0,2,1.0,1600
TOWNHOUSE,CT,Bridgeport,6606,,1063.0,2,1.0,1800
TOWNHOUSE,CT,Bridgeport,6604,,,3,2.0,2200
TOWNHOUSE,CT,Bridgeport,6608,,1400.0,4,2.0,2500
SINGLE_FAMILY,CT,Bridgeport,6605,,1400.0,5,1.0,2899
TOWNHOUSE,CT,Bridgeport,6605,,1800.0,5,2.0,2550
TOWNHOUSE,CT,Bridgeport,6604,,,2,1.0,1600
SINGLE_FAMILY,CT,Bridgeport,6606,,1555.0,4,2.0,3000
TOWNHOUSE,CT,Bridgeport,6610,,1750.0,5,1.0,2600
SINGLE_FAMILY,CT,Bridgeport,6606,,1862.0,5,2.5,3600
SINGLE_FAMILY,CT,Bridgeport,6606,,1915.0,5,2.0,4250
TOWNHOUSE,CT,Bridgeport,6604,,600.0,1,1.0,1375
TOWNHOUSE,CT,Bridgeport,6608,,1200.0,3,1.0,2100
TOWNHOUSE,CT,Bridgeport,6608,,,1,1.0,1350
TOWNHOUSE,CT,Bridgeport,6608,,,1,1.0,1200
SINGLE_FAMILY,CT,Bridgeport,6606,,1152.0,4,1.0,2600
SINGLE_FAMILY,CT,Bridgeport,6606,,1152.0,4,1.5,3200
SINGLE_FAMILY,CT,Bridgeport,6606,,1459.0,4,2.0,3500
SINGLE_FAMILY,CT,Bridgeport,6608,,902.0,2,1.0,1700
SINGLE_FAMILY,CT,Bridgeport,6610,,1150.0,3,2.0,3200
SINGLE_FAMILY,CT,Bridgeport,6606,,1696.0,3,1.0,4200
SINGLE_FAMILY,CT,Bridgeport,6610,,1435.0,4,2.0,3200
TOWNHOUSE,CT,Bridgeport,6605,,1250.0,2,1.0,1817
SINGLE_FAMILY,CT,Bridgeport,6605,,900.0,2,1.0,2000
SINGLE_FAMILY,CT,Bridgeport,6606,,1400.0,4,2.0,3800
TOWNHOUSE,CT,Bridgeport,6604,,,1,1.0,1500
TOWNHOUSE,CT,Bridgeport,6608,,,2,1.0,1700
TOWNHOUSE,CT,Bridgeport,6608,,,2,1.0,1550
SINGLE_FAMILY,NJ,Passaic,7055,,,3,1.0,1875
TOWNHOUSE,CT,Bristol,6010,,,3,1.0,1750
TOWNHOUSE,CT,Bristol,6010,,1400.0,2,1.5,1800
TOWNHOUSE,CT,Bristol,6010,,1300.0,3,1.5,1650
TOWNHOUSE,CT,Bristol,6010,,950.0,2,1.5,1400
